#{"t_start": 1651387311.3162405, "env_id": "cruise-ctrl-v0"}
r,l,t
-17.308206,15,0.009401
-8.234728,6,0.011012
-8.567965,7,0.012838
-17.004028,22,0.01814
-17.58675,14,0.021647
-18.070992,9,0.023925
-7.38288,15,0.027594
-36.919784,101,0.986097
-17.386969,11,1.052906
-10.011193,101,1.644774
-18.449236,13,1.724653
-8.9715,4,1.748375
-17.875959,10,1.809455
-17.841672,12,1.879987
-17.716302,23,2.013906
-16.057565,15,2.100658
-17.798406,12,2.170594
-7.91609,6,2.206106
-7.728489,10,2.268355
-17.344304,15,2.357844
-18.025699,6,2.393263
-17.577631,12,2.464383
-17.228291,16,2.558872
-18.911565,5,2.587703
-18.211008,14,2.670447
-8.325102,9,2.722867
-17.938591,17,2.822288
-7.434572,12,2.892783
-7.997021,7,2.93359
-7.79588,6,2.970173
-17.752124,6,3.005008
-7.434883,9,3.058652
-17.676297,24,3.198433
-17.973985,17,3.299024
-18.181413,6,3.335503
-17.657587,8,3.3823
-27.992431,16,3.476105
-18.656486,7,3.517028
-16.99226,29,3.687048
-7.226938,20,3.804047
-17.028772,13,3.883975
-13.185955,101,4.460602
-66.509204,43,4.705999
-8.28148,6,4.743978
-28.560905,12,4.821549
-16.936073,15,4.912654
-8.047472,12,4.981716
-18.105383,8,5.028397
-18.161199,10,5.087551
-17.50378,12,5.157489
-27.683085,88,5.680559
-27.884832,37,5.968886
-17.68414,15,6.065353
-8.353863,5,6.097899
-47.578134,101,6.700405
-18.136491,9,6.753629
-7.850721,10,6.813756
-27.163873,25,6.960049
-18.223257,6,6.995291
-17.778684,13,7.074655
-7.682386,11,7.137713
-8.362105,7,7.177917
-18.177272,15,7.263442
-8.006617,6,7.29752
-7.269069,15,7.381644
-15.589991,101,7.946663
-17.433283,9,7.998301
-27.214737,21,8.116047
-18.257488,6,8.151681
-16.542957,16,8.241826
-18.538697,5,8.270212
-18.519222,9,8.321882
-17.775089,12,8.391226
-6.670181,101,8.958225
-27.899895,19,9.06442
-18.088906,9,9.115991
-17.998592,10,9.17421
-18.301835,10,9.231348
-7.293187,8,9.277255
-0.83017,101,9.840093
-8.751951,4,9.863789
-58.134377,101,10.430766
1.283945,101,10.993567
-18.333397,10,11.051416
0.82251,101,11.619026
1.747758,101,12.181159
-7.689738,11,12.244134
1.310254,101,12.808818
2.358963,101,13.372015
-7.883358,9,13.424258
-8.494392,6,13.459021
2.010459,101,14.021991
0.956395,101,14.585522
2.205518,101,15.15193
1.821271,101,15.704325
1.044365,101,16.290709
-8.309279,5,16.320086
2.165335,101,16.902287
1.899648,101,17.498134
2.4899,101,18.091823
2.974719,101,18.675668
-18.452632,6,18.709883
3.154804,101,19.283161
1.771406,101,19.859522
1.375966,101,20.437861
1.507303,101,21.019461
0.950406,101,21.592505
1.831715,101,22.170636
2.321682,101,22.738987
2.193536,101,23.328115
2.520444,101,23.934163
2.352753,101,24.49789
2.236181,101,25.066367
1.539557,101,25.62901
1.957875,101,26.185041
2.609951,101,26.745112
1.186519,101,27.301396
1.343096,101,27.852713
1.918456,101,28.404103
2.357527,101,28.97788
2.094127,101,29.564343
-8.37002,6,29.599611
2.044551,101,30.158636
2.433223,101,30.717563
2.151913,101,31.2763
1.352771,101,31.836477
2.791774,101,32.395803
1.972926,101,32.952956
2.789388,101,33.507826
2.322991,101,34.071381
2.171227,101,34.652609
1.824883,101,35.243042
2.11639,101,35.819643
1.136229,101,36.37563
-8.036207,8,36.420164
-17.230071,12,36.487252
1.953187,101,37.049631
2.942498,101,37.611258
2.718711,101,38.168171
2.62477,101,38.730873
2.496235,101,39.293667
3.089647,101,39.872665
1.891439,101,40.446569
2.157958,101,41.023537
2.666137,101,41.588665
3.093964,101,42.156425
1.554709,101,42.72228
2.54136,101,43.294123
1.530459,101,43.859907
1.466107,101,44.422786
-8.790149,4,44.446145
2.466319,101,45.020911
1.328731,101,45.611008
1.410668,101,46.192127
2.244587,101,46.780857
-7.98041,6,46.816407
2.546043,101,47.382521
2.652802,101,47.948843
2.792923,101,48.518834
2.297177,101,49.089002
1.566243,101,49.660219
2.107281,101,50.244513
1.756724,101,50.81277
-18.51913,5,50.842414
2.543021,101,51.431481
2.301175,101,52.01728
2.124392,101,52.58522
2.656206,101,53.152357
1.626074,101,53.719374
2.676987,101,54.286032
2.188376,101,54.850658
3.648049,101,55.413935
2.246793,101,55.983367
1.935197,101,56.546947
2.448969,101,57.127733
3.258944,101,57.708994
2.62312,101,58.280697
1.723418,101,58.848197
-8.553946,6,58.883403
2.371204,101,59.450008
2.729917,101,60.028349
1.612847,101,60.588799
1.669538,101,61.158747
2.611173,101,61.72653
2.753294,101,62.295201
2.513272,101,62.881707
2.652728,101,63.4571
1.474434,101,64.024736
1.891694,101,64.58929
1.953725,101,65.144432
2.426655,101,65.699683
2.181965,101,66.25364
2.210588,101,66.807096
-8.033278,6,66.841578
1.827435,101,67.421919
2.049976,101,68.047942
1.583672,101,68.627134
1.902237,101,69.204529
1.403797,101,69.771677
1.787133,101,70.335588
1.903041,101,70.962941
2.090463,101,71.62922
0.442827,101,72.279135
1.552927,101,72.931936
1.070388,101,73.578774
-7.649863,8,73.62766
1.51417,101,74.198922
2.166424,101,74.770818
1.528378,101,75.351287
-8.075246,7,75.391884
1.999176,101,75.967063
1.403736,101,76.564919
1.766384,101,77.134702
2.064841,101,77.699742
1.867656,101,78.26316
1.600746,101,78.836034
1.845346,101,79.411717
2.053914,101,79.98855
0.982626,101,80.553973
0.653827,101,81.126332
2.345196,101,81.696904
2.046467,101,82.262626
1.822391,101,82.836143
1.658702,101,83.408047
2.02251,101,83.977851
1.331432,101,84.563558
2.042317,101,85.131237
2.563705,101,85.700572
2.115614,101,86.267238
2.189655,101,86.834467
1.946403,101,87.400728
2.115787,101,87.977248
1.737221,101,88.540849
1.981643,101,89.119396
2.178549,101,89.689794
2.132087,101,90.260176
1.6924,101,90.838743
2.114821,101,91.430265
2.432794,101,92.021155
-7.69901,6,92.056806
2.357017,101,92.623919
-8.621831,4,92.647848
1.827393,101,93.226231
2.654694,101,93.804515
1.800068,101,94.373613
2.445282,101,94.934658
2.322324,101,95.511064
1.880964,101,96.083979
1.786732,101,96.663846
2.007855,101,97.232188
2.617162,101,97.802978
-8.21265,7,97.844411
-8.325784,7,97.885168
2.186998,101,98.466336
2.437195,101,99.036627
2.174044,101,99.603021
1.814504,101,100.168854
2.726031,101,100.739245
1.944472,101,101.300691
2.291098,101,101.856161
2.736948,101,102.416571
2.332251,101,102.975013
2.416431,101,103.543883
2.665781,101,104.11138
-18.371789,6,104.146072
1.939731,101,104.713223
1.813722,101,105.277381
1.731623,101,105.840876
2.331228,101,106.41124
2.441798,101,106.975074
1.798947,101,107.539725
1.397801,101,108.114802
2.099819,101,108.683662
-8.245974,4,108.707291
2.491881,101,109.278624
2.072303,101,109.851182
-8.147053,6,109.886042
-8.381322,6,109.920666
2.207035,101,110.483693
2.74026,101,111.05148
2.696757,101,111.61867
-7.529765,7,111.659045
1.815008,101,112.225803
1.980733,101,112.789808
2.422285,101,113.355486
1.458268,101,113.924108
1.887008,101,114.495756
2.237607,101,115.065712
2.019366,101,115.629387
2.883837,101,116.195405
2.506494,101,116.760608
2.304278,101,117.3249
2.312588,101,117.887984
2.470427,101,118.453041
2.022589,101,119.017144
-16.779894,11,119.0799
3.326329,101,119.649833
2.74091,101,120.217559
-17.851056,7,120.258762
2.630058,101,120.823088
1.967535,101,121.387214
2.48351,101,121.947052
-8.032531,5,121.976048
2.909947,101,122.549912
2.658337,101,123.100993
-8.0192,5,123.131077
2.464101,101,123.696756
-7.943465,6,123.731757
2.41281,101,124.308145
1.623123,101,124.889495
2.289683,101,125.472697
-8.086847,6,125.507665
2.284683,101,126.091295
2.298437,101,126.673876
1.477784,101,127.25183
2.278215,101,127.818611
2.295591,101,128.383754
2.785753,101,128.946584
2.520359,101,129.505241
1.972016,101,130.079717
1.78789,101,130.648777
2.103543,101,131.228252
2.07527,101,131.805654
2.491133,101,132.378726
1.932498,101,132.946838
1.452187,101,133.618865
2.994142,101,134.201835
1.710619,101,134.785787
2.850366,101,135.364948
1.915006,101,135.947453
2.816048,101,136.525021
2.498083,101,137.103638
2.561705,101,137.678688
-8.6271,4,137.703346
1.831963,101,138.278481
2.274995,101,138.863433
1.950375,101,139.446925
2.407574,101,140.020837
1.598524,101,140.598768
2.312463,101,141.191874
2.271747,101,141.770558
1.70255,101,142.356399
2.379122,101,142.937181
2.400778,101,143.51391
2.978915,101,144.091718
2.957449,101,144.667279
2.381617,101,145.242483
-7.168459,6,145.278034
2.222086,101,145.881011
2.417684,101,146.471647
2.969621,101,147.061198
3.031897,101,147.652598
1.499588,101,148.236202
2.287622,101,148.819704
2.266342,101,149.399517
2.457459,101,149.976251
1.945403,101,150.549012
1.861757,101,151.127306
2.667122,101,151.698122
1.637052,101,152.270489
2.968656,101,152.844036
1.888882,101,153.41356
2.25593,101,153.997522
2.554016,101,154.567148
2.175984,101,155.156884
2.554158,101,155.728987
-8.408054,4,155.753832
2.127178,101,156.328162
1.80771,101,156.896623
2.217581,101,157.468512
3.013488,101,158.039643
2.079429,101,158.612268
1.916471,101,159.184982
2.118884,101,159.761858
2.852286,101,160.338616
1.833773,101,160.913158
1.157629,101,161.485855
2.369169,101,162.058176
2.088981,101,162.630168
2.742124,101,163.203246
2.323767,101,163.778204
2.192252,101,164.351051
1.656257,101,164.924626
1.97128,101,165.501834
2.629527,101,166.075766
2.424057,101,166.651555
2.797012,101,167.222851
2.927862,101,167.794696
2.307532,101,168.36507
2.527064,101,168.938316
1.49235,101,169.50873
2.181517,101,170.078753
2.714985,101,170.650135
2.583833,101,171.220177
1.320173,101,171.788959
1.818013,101,172.357503
2.118293,101,172.927641
1.64216,101,173.496905
1.527357,101,174.067335
1.518662,101,174.647024
2.612479,101,175.20999
-8.451177,5,175.239599
2.530488,101,175.812287
2.277286,101,176.401953
2.922096,101,176.998205
2.080031,101,177.596001
2.185889,101,178.166004
1.787366,101,178.734843
1.041515,101,179.30416
2.325564,101,179.872432
2.566369,101,180.441546
1.309255,101,181.010282
2.312629,101,181.579642
1.599232,101,182.163308
1.429141,101,182.740942
2.324133,101,183.31756
-8.077255,5,183.346555
1.366932,101,183.916998
2.027846,101,184.486566
2.918587,101,185.055492
1.047276,101,185.625247
2.078439,101,186.193741
1.70148,101,186.76343
1.890903,101,187.333018
2.448472,101,187.906707
1.106706,101,188.477117
2.020971,101,189.047504
1.981267,101,189.617358
1.814345,101,190.187852
1.869076,101,190.756773
1.986976,101,191.327351
1.843558,101,191.896763
2.418585,101,192.466477
2.385707,101,193.036641
2.9842,101,193.611146
2.405717,101,194.18349
-7.629638,8,194.229906
1.514933,101,194.801685
2.661714,101,195.37113
3.210107,101,195.940259
3.196437,101,196.509921
-8.203242,4,196.532993
1.63246,101,197.110199
-17.880696,10,197.167519
1.662543,101,197.738279
3.617839,101,198.309068
2.568742,101,198.880751
2.484303,101,199.455017
3.2217,101,200.026423
1.780358,101,200.597688
2.129881,101,201.169018
2.60829,101,201.740856
2.678245,101,202.313713
1.901088,101,202.884869
2.672127,101,203.459222
2.156646,101,204.032485
2.017785,101,204.604619
2.380145,101,205.179331
2.617113,101,205.751032
-8.069562,5,205.779837
2.845856,101,206.352342
2.388962,101,206.924132
2.061334,101,207.495986
2.403206,101,208.072093
2.388287,101,208.64411
2.047865,101,209.215149
-7.996406,7,209.255656
2.12149,101,209.82888
2.403797,101,210.40499
2.183958,101,210.978394
-8.935968,4,211.001736
2.061472,101,211.575541
2.049634,101,212.14929
3.077128,101,212.722457
2.098442,101,213.295297
2.11268,101,213.868878
-8.359905,6,213.904009
2.369537,101,214.476861
-7.60135,8,214.523396
2.708304,101,215.098113
1.913299,101,215.670551
2.645675,101,216.246643
1.3815,101,216.819925
3.037389,101,217.393238
3.097684,101,217.966209
2.765813,101,218.539317
2.388323,101,219.11293
2.217288,101,219.684261
1.970477,101,220.255421
2.678763,101,220.828287
2.570634,101,221.404545
1.801465,101,221.983755
3.14812,101,222.555726
2.326213,101,223.125425
2.632388,101,223.696448
1.499747,101,224.269426
2.091721,101,224.840836
2.777335,101,225.410211
3.054698,101,225.979721
1.600428,101,226.549618
3.333772,101,227.119307
1.765015,101,227.693565
2.807827,101,228.263006
2.680372,101,228.834146
1.681222,101,229.403341
1.892854,101,229.973272
1.733314,101,230.544044
1.893506,101,231.114092
3.072077,101,231.684621
2.164802,101,232.255655
2.946543,101,232.824592
-9.102136,4,232.848534
3.124751,101,233.421996
-8.700145,6,233.456333
0.98108,101,234.025631
2.498543,101,234.594831
-7.612643,10,234.652203
1.188938,101,235.225967
1.535473,101,235.795564
2.006437,101,236.36591
2.97889,101,236.941319
2.085811,101,237.510868
2.331258,101,238.081961
1.661925,101,238.655687
2.132961,101,239.226623
2.049301,101,239.798512
2.098418,101,240.368179
2.8819,101,240.937235
2.362042,101,241.507141
2.460013,101,242.076126
-7.944689,6,242.110437
2.62443,101,242.678874
2.312087,101,243.24764
2.944533,101,243.817645
2.792964,101,244.389851
2.518238,101,244.958551
2.135856,101,245.52844
2.136104,101,246.098435
1.811518,101,246.667333
3.307474,101,247.23518
2.245764,101,247.805202
1.741888,101,248.373247
2.177713,101,248.944604
2.313202,101,249.512244
2.84475,101,250.083436
2.245831,101,250.651913
1.972814,101,251.22113
1.652938,101,251.791045
2.675436,101,252.362033
3.418978,101,252.937099
3.27106,101,253.504329
1.689556,101,254.072064
3.238923,101,254.640239
2.905098,101,255.207131
2.832165,101,255.776984
2.827539,101,256.343333
1.879991,101,256.909833
-7.854671,5,256.938159
2.556813,101,257.506007
2.95626,101,258.073146
2.008593,101,258.647197
-7.665094,9,258.699051
1.038633,101,259.266424
-7.690461,8,259.312104
1.9553,101,259.88082
2.605044,101,260.449905
2.621884,101,261.018297
2.001722,101,261.588904
2.895747,101,262.157615
-8.267378,7,262.198213
1.901483,101,262.766401
3.265795,101,263.33445
2.541911,101,263.902942
2.331257,101,264.47205
1.731075,101,265.040771
2.157653,101,265.608296
2.452382,101,266.175979
2.520655,101,266.744696
1.945505,101,267.315447
2.742756,101,267.890603
1.537012,101,268.463242
2.413898,101,269.03665
2.229816,101,269.609571
3.304653,101,270.183256
3.244975,101,270.754638
2.633353,101,271.327419
1.850526,101,271.898879
2.163145,101,272.473666
2.759759,101,273.045671
1.580311,101,273.616166
3.087651,101,274.184855
3.845384,101,274.755461
2.641745,101,275.324618
2.308166,101,275.895644
1.943248,101,276.465096
2.889525,101,277.035293
1.546016,101,277.605023
3.105935,101,278.177664
2.217664,101,278.749064
2.199902,101,279.3179
2.843744,101,279.888968
2.479903,101,280.458712
2.508609,101,281.028822
2.687719,101,281.600045
2.023784,101,282.169845
3.116228,101,282.741145
3.377016,101,283.313272
2.056156,101,283.886719
1.979063,101,284.458056
2.093438,101,285.02998
-7.946874,6,285.065128
1.9986,101,285.634681
2.513825,101,286.203981
2.065055,101,286.773389
2.019778,101,287.342063
2.71739,101,287.911537
2.890754,101,288.480484
2.718367,101,289.050325
2.821402,101,289.623557
2.647647,101,290.193716
2.917317,101,290.762379
1.937552,101,291.331623
-8.053924,8,291.377618
2.980697,101,291.947023
1.877768,101,292.5178
-6.949012,11,292.580607
2.922183,101,293.151843
2.970868,101,293.723224
2.067134,101,294.310778
1.289473,101,294.886968
1.858623,101,295.460221
2.602231,101,296.074688
2.347057,101,296.66637
3.0951,101,297.242126
2.06021,101,297.817063
2.685004,101,298.391003
1.576764,101,298.969323
1.609382,101,299.545517
2.189619,101,300.121459
3.296045,101,300.700433
2.022208,101,301.276874
1.876844,101,301.848691
1.924785,101,302.421272
-7.932511,6,302.456225
2.321677,101,303.027878
3.394497,101,303.606412
1.956629,101,304.216073
2.412359,101,304.814461
2.559661,101,305.389217
-8.182495,5,305.419069
1.939335,101,306.018719
1.769689,101,306.609001
2.194724,101,307.190071
2.763299,101,307.767403
2.523774,101,308.35595
2.591071,101,308.936963
-7.84156,9,308.99486
2.308771,101,309.570095
-8.041233,6,309.60585
2.21278,101,310.178722
3.10461,101,310.763395
3.375555,101,311.344015
-9.068742,3,311.362461
-8.503541,6,311.39934
2.750975,101,311.984863
-8.501733,4,312.009011
1.850106,101,312.592134
1.548787,101,313.171047
-8.368911,6,313.206051
2.256981,101,313.777354
3.503158,101,314.355043
2.202581,101,314.927689
2.536384,101,315.503483
2.514529,101,316.096405
-8.015263,5,316.12984
2.027931,101,316.718433
2.927023,101,317.300109
2.489918,101,317.873204
2.093572,101,318.449727
2.509523,101,319.022862
1.940325,101,319.594764
2.126816,101,320.168109
3.278507,101,320.740725
-7.715263,6,320.777088
2.155821,101,321.349296
-7.184773,11,321.412569
2.884977,101,321.988673
1.267726,101,322.558737
2.142513,101,323.152687
2.365397,101,323.73042
2.057086,101,324.306198
1.203435,101,324.875102
1.25723,101,325.444412
1.343696,101,326.012769
2.910561,101,326.581423
2.236447,101,327.150229
1.78909,101,327.719168
1.52114,101,328.289371
2.134474,101,328.861684
2.231949,101,329.439092
-7.736698,8,329.485619
2.682098,101,330.062434
3.366975,101,330.666752
3.345772,101,331.249646
2.751018,101,331.866394
3.593214,101,332.462216
3.042621,101,333.039416
2.492266,101,333.617223
-8.201435,8,333.663504
2.540694,101,334.239097
1.761865,101,334.821134
2.367703,101,335.409154
2.893337,101,336.0105
-8.879241,6,336.046777
2.652357,101,336.644243
2.460891,101,337.223481
2.392284,101,337.795788
2.094991,101,338.37444
2.566382,101,338.951503
2.862742,101,339.529509
2.428694,101,340.105153
2.644055,101,340.690703
-7.578565,8,340.737773
1.769394,101,341.315098
-8.005773,7,341.355924
1.903281,101,341.934896
2.86626,101,342.511088
2.348219,101,343.09443
2.001991,101,343.680703
1.943254,101,344.257586
-6.905671,9,344.309766
2.786488,101,344.885353
2.355446,101,345.463296
-7.572543,7,345.5057
1.845227,101,346.074498
2.01776,101,346.658769
2.267199,101,347.248908
2.608704,101,347.838246
2.295305,101,348.433864
2.921198,101,349.034877
2.654765,101,349.620787
2.183422,101,350.201131
1.293751,101,350.79133
1.637851,101,351.373468
3.190902,101,351.959389
1.930183,101,352.538382
1.575985,101,353.122497
-7.401368,10,353.18101
2.674397,101,353.755476
3.024096,101,354.327989
2.178042,101,354.900531
2.001618,101,355.474811
2.147104,101,356.046988
2.414724,101,356.621678
1.99194,101,357.194304
3.207025,101,357.766609
1.903983,101,358.339079
2.254269,101,358.915964
1.770178,101,359.487769
2.736352,101,360.060501
3.254555,101,360.632921
2.656475,101,361.205992
1.753286,101,361.779243
2.489526,101,362.351902
1.76453,101,362.93778
3.123363,101,363.519249
3.544852,101,364.102493
2.49656,101,364.676973
2.216178,101,365.2504
2.443913,101,365.837236
2.73324,101,366.418043
2.676145,101,367.006008
1.466148,101,367.59419
-8.128314,5,367.627096
2.547189,101,368.205495
2.845043,101,368.776304
2.273438,101,369.346446
1.928738,101,369.929912
-8.502521,5,369.958601
2.378757,101,370.529104
1.594111,101,371.098072
2.30075,101,371.668514
2.831224,101,372.237663
2.613948,101,372.806557
3.295454,101,373.375905
1.598117,101,373.947481
2.327727,101,374.516774
2.663529,101,375.086637
2.762419,101,375.659729
2.564902,101,376.228585
2.748675,101,376.798255
-7.847995,6,376.83349
-8.503086,5,376.862175
2.556241,101,377.431208
2.827277,101,378.000865
2.264432,101,378.571157
1.874224,101,379.139087
2.762975,101,379.707317
3.201618,101,380.283762
2.634285,101,380.855681
2.487987,101,381.43332
2.839537,101,382.003067
1.814695,101,382.582895
3.23032,101,383.152492
1.293594,101,383.728962
2.826283,101,384.30693
-8.399978,7,384.346828
2.241086,101,384.916157
2.693486,101,385.485624
2.424939,101,386.054342
1.929147,101,386.622523
1.582109,101,387.193966
1.753387,101,387.762239
1.876408,101,388.331781
1.808364,101,388.902875
1.928577,101,389.472373
2.446894,101,390.04056
2.001174,101,390.611624
1.792888,101,391.187346
2.279777,101,391.761586
2.111972,101,392.335548
2.303745,101,392.913759
2.75722,101,393.488851
2.312824,101,394.072483
2.324992,101,394.659407
2.885872,101,395.254166
2.451522,101,395.829177
2.26116,101,396.407485
2.70564,101,396.981973
2.202056,101,397.556458
2.964804,101,398.130738
2.658548,101,398.70914
2.824315,101,399.285521
2.494585,101,399.861379
2.667052,101,400.436705
-8.887703,5,400.465535
2.691829,101,401.039903
2.55491,101,401.614657
2.903185,101,402.188874
1.555082,101,402.762669
2.166873,101,403.334728
2.488085,101,403.921181
2.840448,101,404.514768
-7.76982,7,404.557062
2.318425,101,405.144547
2.565391,101,405.741279
2.043753,101,406.321312
2.411965,101,406.900265
2.014928,101,407.47156
2.306688,101,408.052026
2.204782,101,408.64963
-7.744929,7,408.695358
1.721131,101,409.275738
2.416946,101,409.862566
2.640255,101,410.431799
2.383244,101,411.004253
2.297726,101,411.582108
2.677218,101,412.17212
3.461018,101,412.758258
2.422099,101,413.338287
2.25189,101,413.915817
-8.871632,4,413.939233
2.131249,101,414.511327
1.70972,101,415.087632
-8.402356,6,415.123023
2.590816,101,415.700147
2.053957,101,416.274699
2.320153,101,416.853404
1.636393,101,417.428079
2.993587,101,417.999058
1.264753,101,418.569832
-7.834231,8,418.618975
1.642687,101,419.191596
1.866526,101,419.763755
-8.429457,6,419.801472
1.839823,101,420.388976
2.248649,101,420.978024
2.627196,101,421.573982
2.644186,101,422.147672
1.5745,101,422.732182
1.961162,101,423.313727
-7.956776,9,423.368279
-7.801799,9,423.421745
2.63299,101,424.006116
3.04366,101,424.59404
2.517726,101,425.188941
1.383237,101,425.777557
2.820021,101,426.351752
2.538976,101,426.933649
3.147356,101,427.505379
2.285512,101,428.083741
1.859715,101,428.661448
2.396503,101,429.239336
3.360915,101,429.813722
-8.98734,4,429.8376
2.371782,101,430.410232
2.918052,101,430.982159
2.10041,101,431.55471
3.068374,101,432.12665
2.440025,101,432.701811
2.722599,101,433.273003
2.38357,101,433.843952
-7.58855,8,433.889862
3.151158,101,434.461268
2.712947,101,435.039464
3.57446,101,435.613535
1.937554,101,436.201603
2.294936,101,436.788995
2.316644,101,437.364253
2.127795,101,437.938062
2.096611,101,438.526574
2.306827,101,439.114962
2.633253,101,439.702568
2.328194,101,440.291775
-7.590333,8,440.340909
2.841409,101,440.924151
2.995434,101,441.505775
2.31015,101,442.080366
2.868647,101,442.652903
2.455177,101,443.224671
3.096167,101,443.806193
-7.810171,6,443.841756
2.507158,101,444.422281
2.986195,101,445.000104
1.800899,101,445.578534
2.184814,101,446.155877
2.592939,101,446.727786
2.178565,101,447.299048
2.463315,101,447.874282
2.093916,101,448.449226
1.724387,101,449.021102
1.713265,101,449.599462
1.486119,101,450.175906
1.879261,101,450.757243
2.911679,101,451.330707
1.436695,101,451.922842
2.924833,101,452.500566
3.302092,101,453.077066
2.15104,101,453.657295
2.670078,101,454.248681
2.95378,101,454.837774
2.601445,101,455.41894
2.070656,101,455.998787
2.51733,101,456.584173
2.686449,101,457.169764
2.756316,101,457.756346
2.426871,101,458.342364
1.841941,101,458.92004
2.103663,101,459.502601
-8.271176,6,459.537722
2.053981,101,460.123872
2.47851,101,460.700449
1.264007,101,461.290265
2.929961,101,461.873767
2.420767,101,462.451115
-7.756235,7,462.492535
2.474561,101,463.079761
1.876365,101,463.662281
2.940468,101,464.232608
2.776097,101,464.804928
2.807244,101,465.374061
3.21354,101,465.949873
2.046244,101,466.526659
1.287244,101,467.112441
2.545322,101,467.687694
2.675528,101,468.260338
-8.092226,5,468.290191
2.45312,101,468.861699
2.503676,101,469.44372
1.650459,101,470.018749
2.046514,101,470.58912
2.34179,101,471.163011
-8.291908,6,471.198235
2.651569,101,471.781319
2.23342,101,472.363986
2.561731,101,472.939337
-8.06305,5,472.968141
2.228052,101,473.557044
1.870332,101,474.138083
2.553185,101,474.709969
2.681209,101,475.286168
3.120935,101,475.862803
2.832546,101,476.441653
2.582554,101,477.021828
2.55659,101,477.5973
2.420212,101,478.173702
2.212941,101,478.758395
1.827728,101,479.331114
2.16077,101,479.908008
2.504881,101,480.490515
2.468143,101,481.076835
2.552991,101,481.657109
2.978955,101,482.242008
1.887064,101,482.828025
2.52181,101,483.409081
2.935022,101,483.982603
2.615563,101,484.565476
2.180005,101,485.144186
1.857621,101,485.716621
2.796295,101,486.294394
2.032081,101,486.871305
4.106745,101,487.454215
2.600275,101,488.034246
2.120514,101,488.614229
1.351119,101,489.18973
1.861942,101,489.768842
1.561861,101,490.352879
1.979469,101,490.926801
2.009734,101,491.502002
2.856494,101,492.086392
2.395316,101,492.669634
2.306246,101,493.252062
1.989356,101,493.827297
2.357339,101,494.407176
3.008696,101,494.980989
2.617383,101,495.556528
2.669994,101,496.142307
3.320918,101,496.730383
2.468036,101,497.310673
2.261453,101,497.882515
-8.217465,101,498.456045
1.796933,101,499.029413
2.751067,101,499.613832
1.357801,101,500.198992
2.810872,101,500.789354
2.685972,101,501.365157
1.91342,101,501.945099
2.715994,101,502.51971
2.715287,101,503.092974
2.696819,101,503.668679
3.384613,101,504.241364
2.521838,101,504.818505
2.64212,101,505.394402
1.72824,101,505.969893
1.824131,101,506.538827
2.247875,101,507.108371
2.310961,101,507.679819
1.812975,101,508.249209
1.404639,101,508.819336
2.617715,101,509.388979
-8.809243,5,509.417501
2.260078,101,509.99528
2.363219,101,510.563257
2.431988,101,511.132308
2.741871,101,511.701348
2.818172,101,512.270547
2.351994,101,512.843637
-7.852842,8,512.889626
2.894461,101,513.458146
-8.94792,5,513.48725
2.88126,101,514.056947
1.677867,101,514.626867
2.845411,101,515.196501
2.302516,101,515.765069
1.934409,101,516.337387
1.978102,101,516.906726
2.961973,101,517.474859
1.570902,101,518.045273
3.019569,101,518.617526
2.458544,101,519.186208
3.050737,101,519.756566
2.383437,101,520.325724
2.466122,101,520.89387
2.840064,101,521.470181
2.837686,101,522.041169
1.917281,101,522.619183
-7.908257,7,522.660899
2.383224,101,523.235523
2.062575,101,523.805352
2.689773,101,524.379896
2.108225,101,524.951684
2.418922,101,525.523221
1.892223,101,526.095313
1.945577,101,526.674836
2.621583,101,527.261649
-7.900594,6,527.296157
-7.089141,9,527.347907
2.672835,101,527.921221
-7.213018,9,527.973213
2.428749,101,528.551538
2.680148,101,529.121239
2.744713,101,529.695116
2.880487,101,530.271163
-164.786807,101,530.849428
-153.864898,101,531.423736
1.75692,101,531.995586
-116.253514,101,532.57675
3.294398,101,533.156094
-7.720729,101,533.731571
2.325918,101,534.308866
2.676315,101,534.888593
2.530814,101,535.472075
1.961144,101,536.055232
1.978225,101,536.624078
2.87236,101,537.202305
2.204693,101,537.776653
2.532208,101,538.349403
1.281284,101,538.922623
2.149459,101,539.494236
-17.97326,10,539.551882
2.113607,101,540.12386
1.21613,101,540.695837
2.414385,101,541.271158
1.96819,101,541.851352
1.618388,101,542.426746
-7.330241,9,542.479105
2.287337,101,543.054739
2.457168,101,543.633645
1.870809,101,544.206477
2.440163,101,544.787875
-8.173769,7,544.828673
1.823065,101,545.405403
2.110225,101,545.997006
2.734943,101,546.574492
1.813515,101,547.152161
2.17752,101,547.780686
2.590367,101,548.360694
-8.371,4,548.384511
1.965979,101,548.963267
2.456707,101,549.544868
1.478935,101,550.122174
1.800525,101,550.704026
2.67343,101,551.284588
1.58511,101,551.859908
1.638308,101,552.441903
1.938197,101,553.028313
-7.826761,6,553.062858
1.93722,101,553.638623
1.986823,101,554.225512
1.723346,101,554.802649
-8.029257,5,554.832414
2.050505,101,555.408755
2.114839,101,555.981148
2.098533,101,556.568583
2.192538,101,557.143751
0.859905,101,557.717295
2.18514,101,558.29811
1.575914,101,558.880543
2.033904,101,559.453829
2.356547,101,560.032392
2.481075,101,560.607471
2.979711,101,561.181035
2.277951,101,561.753877
2.73498,101,562.326054
1.582725,101,562.899752
2.926702,101,563.473023
1.633398,101,564.048341
1.702313,101,564.626984
2.386273,101,565.202805
2.658974,101,565.776394
2.655153,101,566.349777
2.565788,101,566.922416
3.377248,101,567.495889
2.547091,101,568.068175
1.800678,101,568.642184
2.908917,101,569.215281
2.077253,101,569.789485
2.666056,101,588.211998
