#{"t_start": 1651388775.5917256, "env_id": "cruise-ctrl-v1"}
r,l,t
-7.381054,9,0.418761
-18.074266,14,0.975721
-16.843528,28,2.103643
-7.924501,5,2.310438
-18.195338,7,2.625286
-17.538729,13,3.157999
-7.388969,11,3.611156
-7.346187,9,4.001188
-7.533705,15,5.10429
-7.524591,13,5.711697
-18.419336,16,6.476733
-7.689693,7,6.796553
-28.067039,17,7.5998
-16.698984,26,8.775088
-16.197573,15,9.492
-17.159975,21,10.460071
-8.593301,4,10.660476
-17.676218,15,11.370964
-7.88436,12,11.924538
-17.565417,11,12.441478
-8.221157,9,12.874827
-18.320916,6,13.183737
-18.636774,7,13.500652
-7.623406,8,13.889406
-7.678574,10,14.35623
-16.666328,12,14.910431
-27.964187,24,16.008114
-7.710676,7,16.336155
-17.369203,14,17.005955
-17.354943,12,17.557313
-17.363242,9,17.996362
-7.727469,10,18.4758
-18.28601,15,19.155248
-7.860596,6,19.461449
-18.339052,11,19.971969
-18.525779,7,20.336301
-7.703078,5,20.570133
-18.116162,8,20.959638
-18.267105,9,21.392068
-7.5245,12,21.931088
-7.746832,10,22.391171
-17.83346,17,23.167381
-18.384388,7,23.511846
-7.998226,7,23.827538
-18.248989,10,24.289497
-7.205013,13,24.902082
-38.516949,18,25.683494
-4.808316,101,30.118578
-17.985365,5,30.348161
-7.705043,6,30.649231
-7.658593,9,31.073048
-17.740935,9,31.496293
-18.808126,7,31.806134
-6.925489,14,32.455757
-17.823961,10,32.917371
-0.271032,101,37.310974
-28.45314,12,37.851566
-7.506509,7,38.193346
-48.301263,14,38.825185
-54.282773,101,43.30244
-17.809077,13,43.924085
-18.155699,12,44.478058
-16.596129,13,45.071157
-7.714345,6,45.379222
-57.246754,21,46.41904
-6.986015,101,50.901357
-47.347376,22,51.868512
-28.230221,27,53.080061
-18.274437,6,53.350261
-8.498964,8,53.736828
2.057681,101,58.218091
-27.551779,14,58.8814
-47.784941,101,63.312977
-3.075662,101,67.85535
1.595128,101,72.475681
-1.870551,101,77.00803
1.378016,101,81.413906
0.360033,101,85.772162
1.661234,101,90.157241
1.603806,101,94.516264
-7.060585,11,95.015831
1.502806,101,99.347337
1.888083,101,103.722789
-17.642788,10,104.192714
2.13036,101,108.527004
-7.73518,7,108.874962
1.911648,101,113.206205
1.699784,101,117.546012
1.361063,101,121.87524
-7.21479,7,122.213515
1.311071,101,126.52359
2.299927,101,130.888118
1.864128,101,135.281269
2.58655,101,139.605328
1.730143,101,143.976433
1.532195,101,148.29027
2.144366,101,152.61636
2.011721,101,156.935453
2.613612,101,161.294376
1.171617,101,165.619726
2.246559,101,169.972197
1.757841,101,174.306575
2.489547,101,178.758821
1.946332,101,183.216848
2.060256,101,187.655103
2.137794,101,192.147038
1.101264,101,196.65491
1.871821,101,201.152699
2.193042,101,205.654681
-8.189318,6,205.965112
2.018182,101,210.449235
-17.350607,11,210.982212
2.294604,101,215.542727
1.047718,101,220.008193
1.256323,101,224.520727
1.142991,101,228.968532
2.935822,101,233.433463
2.086509,101,237.861343
2.073925,101,242.333592
1.896027,101,246.812531
1.192357,101,251.25028
1.954228,101,255.668905
1.369544,101,260.097579
1.667595,101,264.577399
1.62687,101,269.16134
3.054027,101,273.660976
2.0631,101,278.250273
1.515176,101,282.936643
2.317115,101,287.534909
2.665264,101,292.080228
2.318032,101,296.628871
2.034808,101,301.140608
2.553998,101,305.643405
2.185856,101,310.196572
2.031785,101,314.800739
1.294091,101,319.233797
3.23761,101,323.678927
2.047326,101,328.137327
1.92407,101,332.609008
2.30345,101,337.047765
1.617381,101,341.48655
2.899227,101,345.959882
1.733993,101,350.404729
2.280274,101,354.857244
2.352725,101,359.336177
-8.373415,4,359.565916
2.594464,101,364.00408
1.514574,101,368.442479
2.204605,101,372.942282
2.179344,101,377.411711
1.99614,101,381.932562
2.251746,101,386.485376
1.768346,101,391.075048
2.501608,101,395.589305
2.035975,101,400.165305
3.117738,101,404.71425
1.403525,101,409.300895
3.010029,101,413.907725
2.541534,101,418.439247
2.068454,101,422.983942
2.453886,101,427.443742
1.645587,101,431.905908
2.126697,101,436.36619
2.068993,101,440.861799
2.161611,101,445.383549
2.17861,101,449.878682
2.616078,101,454.377812
3.495973,101,458.882311
2.0609,101,463.362624
2.223897,101,467.859751
1.629058,101,472.430388
2.115565,101,476.928548
1.131644,101,481.399652
0.895099,101,485.879216
1.92202,101,490.464334
1.905383,101,494.981675
-18.104204,9,495.435229
2.363661,101,499.923564
1.469802,101,504.39657
2.444426,101,508.923408
1.362345,101,513.386664
-7.611647,8,513.78351
1.935569,101,518.242012
1.809369,101,522.728964
2.592102,101,527.223077
1.733472,101,531.693556
1.951782,101,536.267508
2.741812,101,540.750533
2.477027,101,545.310772
2.087338,101,549.779903
2.435368,101,554.266918
1.85807,101,558.837255
2.468628,101,563.337382
1.719475,101,567.850905
2.22694,101,572.357635
1.856113,101,576.891202
2.524228,101,581.488992
1.624179,101,586.003804
2.147045,101,590.509721
2.507972,101,595.014725
2.18966,101,599.534944
1.531401,101,604.085405
1.789924,101,608.696094
1.833498,101,613.226248
1.645797,101,617.743117
2.084749,101,622.204131
-28.27499,101,626.735275
1.44389,101,631.199835
-7.755016,9,631.649897
2.234374,101,636.12743
2.07178,101,640.581842
1.831848,101,645.076085
1.837614,101,649.527514
2.207138,101,653.974
1.957994,101,658.44104
1.920007,101,662.936087
1.735357,101,667.398082
-8.126792,6,667.7055
-8.484783,6,667.983949
2.062672,101,672.481999
2.364978,101,676.950249
-8.806223,4,677.149358
2.993625,101,681.649113
2.579042,101,686.103634
2.752202,101,690.552394
2.937245,101,694.997456
2.503651,101,699.445121
1.110405,101,703.855394
2.573598,101,708.269534
3.349216,101,712.690428
2.933741,101,717.155118
2.661733,101,721.582383
1.927328,101,726.000564
2.631473,101,730.454381
1.495815,101,734.892134
1.968166,101,739.301412
2.264467,101,743.71912
2.664706,101,748.154279
2.428328,101,752.563076
2.753721,101,756.973224
2.812125,101,761.386808
2.434908,101,765.833887
1.481821,101,770.244926
1.641436,101,774.651898
2.053164,101,779.096414
2.383374,101,783.508565
0.982842,101,787.943133
1.960924,101,792.392419
3.118762,101,796.874102
1.65036,101,801.317673
1.834486,101,805.76237
2.756415,101,810.203202
2.057318,101,814.673446
2.163275,101,819.10586
2.906511,101,823.561782
1.851233,101,828.164968
2.025315,101,832.68458
1.911569,101,837.177572
2.451886,101,841.715717
2.958465,101,846.280981
1.51874,101,850.789058
2.348701,101,855.25341
2.585899,101,859.724251
1.877143,101,864.218549
2.104237,101,868.699442
1.62773,101,873.171205
3.131601,101,877.664632
1.744084,101,882.133714
2.71004,101,886.609848
2.584276,101,891.062614
2.464513,101,895.533209
1.847007,101,899.978614
2.286301,101,904.420197
2.111128,101,908.860911
2.140686,101,913.354825
1.871557,101,917.807056
-7.940309,6,918.12121
2.178306,101,922.579377
2.274523,101,927.028568
2.47217,101,931.463441
2.572352,101,935.925253
2.448163,101,940.350633
2.119027,101,944.775918
1.705323,101,949.256411
2.044701,101,953.692816
2.159279,101,958.124092
1.898976,101,962.558774
3.044793,101,967.013004
2.332272,101,971.455261
1.630309,101,975.884662
2.913073,101,980.397709
2.520682,101,984.879491
1.311555,101,989.354125
2.550476,101,993.806033
1.303903,101,998.280108
2.526131,101,1002.722389
2.008225,101,1007.166413
1.771556,101,1011.614289
1.535805,101,1016.086316
1.253371,101,1020.545659
2.647911,101,1024.987829
2.31137,101,1029.430315
3.812964,101,1033.920838
-18.264667,8,1034.314159
2.350628,101,1038.761989
2.06661,101,1043.201522
2.479835,101,1047.66201
2.581924,101,1052.169752
2.671799,101,1056.64169
1.146892,101,1061.089103
2.365747,101,1065.596531
2.391015,101,1070.099766
2.371665,101,1074.571462
-18.870876,5,1074.843148
-8.636971,4,1075.039517
2.197128,101,1079.491996
2.690394,101,1083.989172
2.115979,101,1088.445979
1.603721,101,1092.901443
1.315202,101,1097.378586
1.414423,101,1101.868821
2.697345,101,1106.337394
2.929516,101,1110.854489
1.557644,101,1115.331576
2.246765,101,1119.84869
1.47368,101,1124.31512
-8.358935,5,1124.587039
1.865541,101,1129.066328
1.938474,101,1133.539865
0.992104,101,1138.011216
1.521449,101,1142.513612
2.075766,101,1146.963948
1.972538,101,1151.412765
-8.480076,4,1151.644978
0.971932,101,1156.10818
1.710502,101,1160.559598
1.082463,101,1165.011477
1.410435,101,1169.498584
2.067891,101,1173.953824
2.252905,101,1178.44846
0.89915,101,1182.963693
1.934958,101,1187.524635
2.146137,101,1192.091635
1.845965,101,1196.668813
2.011636,101,1201.255521
-18.509021,9,1201.719885
2.607468,101,1206.261311
1.295935,101,1210.801517
3.304187,101,1215.345762
2.669832,101,1219.976985
1.8641,101,1224.492337
2.032168,101,1228.949505
-8.142346,6,1229.263468
1.776486,101,1233.701198
1.020535,101,1238.127779
1.781248,101,1242.584617
2.198363,101,1247.020263
2.734102,101,1251.448649
1.207964,101,1255.878168
1.894595,101,1260.333961
-7.423479,11,1260.884332
2.431976,101,1265.306835
2.002993,101,1269.727356
2.156203,101,1274.194108
2.018079,101,1278.682517
3.003419,101,1283.153293
1.827369,101,1287.708669
1.617817,101,1292.220243
2.628229,101,1296.671603
1.757277,101,1301.111385
2.334568,101,1305.589106
2.274931,101,1310.051858
2.667272,101,1314.52289
2.081448,101,1319.05415
2.336348,101,1323.582489
2.326353,101,1328.041103
1.652149,101,1332.500672
1.903939,101,1336.963122
-7.722114,6,1337.277368
1.418804,101,1341.739532
1.288898,101,1346.225889
2.484492,101,1350.690681
2.240586,101,1355.149054
2.031433,101,1359.609843
2.072779,101,1364.098097
-8.157708,6,1364.377373
2.091519,101,1368.865492
2.128869,101,1373.31799
2.681518,101,1377.782985
2.187172,101,1382.206555
2.454469,101,1386.655972
-8.203224,8,1387.059379
3.162832,101,1391.481629
2.273965,101,1395.898058
-7.864412,8,1396.29447
2.628366,101,1400.7135
1.987726,101,1405.134214
-8.505505,4,1405.362112
1.777389,101,1409.778549
1.880892,101,1414.213573
1.785789,101,1418.724428
3.098186,101,1423.157975
2.498068,101,1427.585567
2.375103,101,1432.039909
2.646703,101,1436.461174
-8.221039,5,1436.69697
2.097795,101,1441.144265
2.064441,101,1445.567952
2.693462,101,1449.985835
2.118905,101,1454.404215
2.114019,101,1458.858551
1.284597,101,1463.27681
2.968857,101,1467.696953
3.206172,101,1472.144808
3.802752,101,1476.560477
-7.786181,7,1476.913236
1.280987,101,1481.325308
1.783397,101,1485.739791
1.894618,101,1490.16265
2.377882,101,1494.611948
1.63081,101,1499.035798
-8.203459,5,1499.272542
-8.467487,6,1499.585064
1.538366,101,1504.003576
1.670633,101,1508.433469
2.53709,101,1512.820476
-7.536641,9,1513.267082
-7.69754,8,1513.663413
1.855564,101,1518.109273
3.10867,101,1522.561772
1.686919,101,1527.014453
2.55391,101,1531.49958
-8.688854,4,1531.69668
2.282552,101,1536.141255
2.274981,101,1540.619802
2.562287,101,1545.066786
1.921449,101,1549.529464
1.642843,101,1554.055171
1.666915,101,1558.507906
2.66505,101,1562.958585
2.073248,101,1567.406813
3.033675,101,1571.894503
2.5002,101,1576.345412
2.456089,101,1580.788277
2.693203,101,1585.230562
1.337057,101,1589.723555
1.80707,101,1594.249223
1.964364,101,1598.762937
2.951909,101,1603.276854
2.707664,101,1607.800071
2.431785,101,1612.26702
2.311283,101,1616.769077
1.580755,101,1621.257452
2.520535,101,1625.714634
2.917707,101,1630.240784
2.095037,101,1634.771925
-17.810267,10,1635.270719
2.763253,101,1639.803048
1.705692,101,1644.264394
2.73075,101,1648.755975
2.592396,101,1653.286224
2.03038,101,1657.751666
2.968459,101,1662.218147
2.560304,101,1666.690804
3.362153,101,1671.210385
2.144408,101,1675.706801
2.699448,101,1680.162419
2.190681,101,1684.616804
-8.515759,5,1684.890336
-19.11666,6,1685.21112
-8.636073,7,1685.542528
2.143042,101,1690.024336
3.153089,101,1694.488164
2.761181,101,1698.97798
3.342661,101,1703.49882
2.695492,101,1708.057258
1.804695,101,1712.632856
2.130731,101,1717.167912
2.26768,101,1721.698214
2.109894,101,1726.252768
3.028888,101,1730.807239
2.308826,101,1735.365837
1.67104,101,1739.945552
-8.399799,5,1740.187928
1.818589,101,1744.739933
1.473363,101,1749.336975
2.54577,101,1753.893954
2.449976,101,1758.433051
3.092847,101,1762.932802
1.495556,101,1767.418544
2.021292,101,1771.881421
1.455337,101,1776.386852
2.501529,101,1780.959996
3.785084,101,1785.458944
2.181679,101,1789.925094
2.995621,101,1794.389131
-8.609748,4,1794.623229
2.37405,101,1799.065776
1.999984,101,1803.496476
1.721604,101,1808.028988
2.236798,101,1812.490133
2.261456,101,1816.952419
2.218847,101,1821.453066
-7.988591,5,1821.690585
2.249179,101,1826.13985
2.356691,101,1830.621779
1.935292,101,1835.072802
2.156213,101,1839.528434
1.794833,101,1843.990955
2.187229,101,1848.494303
2.973918,101,1852.979539
3.481435,101,1857.468484
-8.642051,5,1857.742382
1.930302,101,1862.233722
2.226695,101,1866.719239
1.811121,101,1871.245441
-7.919965,6,1871.527313
2.290152,101,1876.062554
2.780937,101,1880.548636
2.366059,101,1884.983579
2.622035,101,1889.548383
2.317223,101,1894.161313
2.858227,101,1898.692544
2.13075,101,1903.117985
2.753791,101,1907.507254
1.448858,101,1911.909462
2.690732,101,1916.262072
2.725103,101,1920.616924
2.63767,101,1925.008825
3.022362,101,1929.366324
2.490663,101,1933.721926
3.21557,101,1938.074736
1.426483,101,1942.452497
2.5667,101,1946.796859
-8.883229,3,1946.950372
1.93542,101,1951.363717
3.091914,101,1955.811854
1.40546,101,1960.212148
2.764035,101,1964.630646
3.613311,101,1969.061158
2.742527,101,1973.503397
2.067512,101,1977.988186
2.559251,101,1982.460805
2.487072,101,1986.952774
2.646671,101,1991.404268
2.438208,101,1995.859512
1.888952,101,2000.338295
-8.216392,5,2000.576671
2.475101,101,2005.02376
2.028641,101,2009.497052
2.566006,101,2013.946355
1.745312,101,2018.411877
2.100626,101,2022.863945
2.452861,101,2027.361078
2.603737,101,2031.824165
2.635608,101,2036.28722
2.245876,101,2040.792906
1.977382,101,2045.261764
2.493976,101,2049.720353
2.624827,101,2054.178614
-17.745079,7,2054.531649
3.008333,101,2058.990924
1.952337,101,2063.489024
2.555831,101,2067.959014
2.055739,101,2072.446367
3.527881,101,2076.934078
1.969921,101,2081.45744
-8.220055,5,2081.694811
2.014773,101,2086.225012
2.667197,101,2090.688395
2.316252,101,2095.160063
2.314117,101,2099.648233
1.380121,101,2104.164632
2.454787,101,2108.668516
2.889787,101,2113.143457
1.92527,101,2117.652507
1.655458,101,2122.163906
2.073568,101,2126.631883
2.186419,101,2131.127026
2.443117,101,2135.681144
2.823964,101,2140.184265
2.129431,101,2144.694384
2.381062,101,2149.20109
2.779262,101,2153.723074
2.065819,101,2158.202412
3.179246,101,2162.699085
2.408646,101,2167.179065
1.700531,101,2171.701919
2.522562,101,2176.188111
2.48848,101,2180.66346
2.16112,101,2185.177088
1.957674,101,2189.66393
2.458849,101,2194.144003
1.78335,101,2198.612735
2.318695,101,2203.121289
2.368398,101,2207.604265
2.352879,101,2212.084191
2.389167,101,2216.561219
1.701049,101,2221.073143
2.481564,101,2225.549301
1.935539,101,2230.029489
2.385087,101,2234.540954
1.965554,101,2239.010982
2.164778,101,2243.482674
3.140479,101,2247.961748
-7.563453,7,2248.310543
2.252793,101,2252.791733
-7.865147,9,2253.252787
1.964133,101,2257.751943
2.1931,101,2262.218592
1.942566,101,2266.680003
2.383757,101,2271.162896
2.537365,101,2275.664268
2.543212,101,2280.162154
2.220222,101,2284.682347
2.521196,101,2289.232383
2.122457,101,2293.723284
1.692158,101,2298.172221
2.200463,101,2302.691547
2.164143,101,2307.197692
1.808225,101,2311.676029
2.181932,101,2316.123098
-7.309415,7,2316.477469
2.812507,101,2320.917121
2.8728,101,2325.356722
2.412154,101,2329.822741
2.382695,101,2334.25561
2.689946,101,2338.696254
2.647241,101,2343.131439
2.148536,101,2347.593723
3.172632,101,2352.042083
3.430575,101,2356.501302
3.059769,101,2360.984019
-8.168345,7,2361.30304
2.424945,101,2365.782115
1.849651,101,2370.224853
1.821544,101,2374.678049
1.547667,101,2379.120208
2.6645,101,2383.598708
2.39512,101,2388.054233
2.765059,101,2392.500594
3.418186,101,2396.96059
1.967239,101,2401.443751
2.940674,101,2405.883842
2.525624,101,2410.323488
2.590522,101,2414.803585
2.814898,101,2419.23998
-7.443557,8,2419.636241
2.494364,101,2424.085766
2.043444,101,2428.538532
2.054998,101,2432.978924
1.926602,101,2437.454701
2.494609,101,2441.902262
1.603864,101,2446.344856
3.036307,101,2450.822783
2.101405,101,2455.264589
1.612398,101,2459.700161
2.569672,101,2464.145779
2.835,101,2468.614082
3.307698,101,2473.082259
1.916201,101,2477.537091
2.685202,101,2481.984851
2.557677,101,2486.526288
2.583924,101,2490.969257
1.626931,101,2495.411733
2.33583,101,2499.87976
-7.826799,8,2500.243879
1.46991,101,2504.744851
2.190908,101,2509.193578
1.916906,101,2513.635969
2.064845,101,2518.077598
2.412408,101,2522.552459
3.01591,101,2526.992198
2.431724,101,2531.439099
3.436073,101,2535.909079
1.466527,101,2540.357163
2.102911,101,2544.802223
2.701058,101,2549.247123
2.561059,101,2553.726561
2.29127,101,2558.168643
2.355077,101,2562.609391
2.509834,101,2567.045121
2.091403,101,2571.518847
2.573209,101,2576.024925
1.470744,101,2580.469767
2.528862,101,2584.936153
1.815518,101,2589.389115
-7.993188,9,2589.834815
2.504344,101,2594.275048
-7.701344,6,2594.582977
1.937777,101,2599.016657
3.07218,101,2603.45817
2.133601,101,2607.900757
2.726804,101,2612.386549
-17.932229,8,2612.785171
2.074184,101,2617.237729
2.541682,101,2621.672666
2.412355,101,2626.107845
2.41062,101,2630.572779
2.542662,101,2635.000448
2.789352,101,2639.433979
2.987897,101,2643.865637
2.549964,101,2648.32998
1.678376,101,2652.761967
2.862324,101,2657.200212
2.517522,101,2661.670544
2.353326,101,2666.109385
2.02133,101,2670.550337
2.390061,101,2674.984469
1.961653,101,2679.447614
2.125819,101,2683.88148
1.778217,101,2688.324723
2.568763,101,2692.754842
2.417777,101,2697.21255
3.084648,101,2701.645962
3.073563,101,2706.086046
3.424195,101,2710.552287
3.346013,101,2714.991268
3.003652,101,2719.428173
2.424746,101,2723.857326
2.659964,101,2728.326964
2.528075,101,2732.765695
1.942723,101,2737.196676
-7.296411,8,2737.584584
2.628732,101,2742.015973
2.073177,101,2746.478368
2.40972,101,2750.91993
2.121373,101,2755.353827
1.361866,101,2759.788655
2.106673,101,2764.25665
2.450759,101,2768.690474
2.773467,101,2773.133701
3.277527,101,2777.570408
2.865946,101,2782.033601
-8.373865,7,2782.355522
2.611694,101,2786.825697
-6.529563,9,2787.254607
3.345245,101,2791.684945
2.245457,101,2796.121889
2.243808,101,2800.552203
3.568412,101,2805.01766
1.469611,101,2809.453285
-7.809214,8,2809.84179
1.734684,101,2814.279879
1.542102,101,2818.711167
1.813457,101,2823.177178
2.073985,101,2827.611349
2.721756,101,2832.049191
2.216102,101,2836.476541
1.702983,101,2840.924932
3.057758,101,2845.340541
3.327675,101,2849.77196
1.909837,101,2854.229845
2.674341,101,2858.65188
1.401489,101,2863.060832
-8.338417,7,2863.41543
1.943571,101,2867.835764
2.712821,101,2872.246651
2.409622,101,2876.686303
2.345997,101,2881.099167
2.352782,101,2885.517025
1.447557,101,2889.92813
2.613675,101,2894.371635
1.955481,101,2898.786268
2.988414,101,2903.226683
1.973786,101,2907.691304
1.729274,101,2912.122652
-8.218963,4,2912.31885
2.154665,101,2916.793548
2.40501,101,2921.209134
2.036074,101,2925.625692
-8.573651,6,2925.933724
1.798945,101,2930.351444
2.707959,101,2934.763098
1.971959,101,2939.221935
2.349616,101,2943.66627
2.159831,101,2948.098135
2.411161,101,2952.528483
1.655395,101,2956.98582
-8.783238,5,2957.221463
1.301683,101,2961.646555
2.382262,101,2966.101761
3.144907,101,2970.536683
2.770156,101,2974.978295
2.13347,101,2979.453854
3.029898,101,2983.899762
2.394468,101,2988.35027
2.96266,101,2992.795887
2.531228,101,2997.274369
1.913501,101,3001.722287
1.688745,101,3006.13771
2.440383,101,3010.531003
1.825833,101,3014.960118
1.87969,101,3019.356598
2.642272,101,3023.751093
1.604089,101,3028.184531
2.973075,101,3032.598407
2.389246,101,3037.001966
2.233936,101,3041.408199
2.396064,101,3045.847945
-8.331176,5,3046.083445
1.685399,101,3050.498739
2.959753,101,3054.935817
2.699579,101,3059.344323
1.247939,101,3063.754187
2.85358,101,3068.183496
3.695985,101,3072.597843
2.323867,101,3076.998349
2.237984,101,3081.402855
2.594152,101,3085.837548
2.806276,101,3090.238537
1.719549,101,3094.643698
-8.340251,4,3094.868912
2.220799,101,3099.271625
-17.91325,11,3099.818778
-8.480567,5,3100.082083
2.264835,101,3104.487977
2.698176,101,3108.908484
1.950294,101,3113.339708
2.476018,101,3117.854848
2.054244,101,3122.327667
2.73131,101,3126.827075
1.59173,101,3131.346333
2.405549,101,3135.870621
2.129685,101,3140.38145
1.55703,101,3144.831489
3.288958,101,3149.261453
-8.40661,6,3149.539289
2.011018,101,3153.944795
2.239914,101,3158.363005
2.695746,101,3162.754514
2.52587,101,3167.142697
1.747751,101,3171.569691
2.435181,101,3175.96521
-8.168045,8,3176.374951
2.819605,101,3180.73558
1.506772,101,3185.08565
2.049701,101,3189.439772
2.64063,101,3193.804099
1.84416,101,3198.127085
2.563349,101,3202.452187
-7.532367,7,3202.796294
2.186261,101,3207.114495
3.323978,101,3211.464723
1.688589,101,3215.783049
-8.820893,4,3215.97419
2.005801,101,3220.329766
1.683075,101,3224.652951
1.952207,101,3228.976535
2.129634,101,3233.35677
1.952826,101,3237.809981
2.789459,101,3242.26039
2.180758,101,3246.623012
2.618276,101,3250.936606
2.641307,101,3255.292654
1.970482,101,3259.606776
1.935052,101,3263.923538
2.490254,101,3268.302778
-7.690155,6,3268.572073
2.751485,101,3272.968605
-8.003939,5,3273.234959
1.970579,101,3277.635813
-8.481245,6,3277.941426
2.14872,101,3282.322495
2.07407,101,3286.701658
2.392255,101,3291.107349
3.023158,101,3295.493368
1.953974,101,3299.94328
1.883121,101,3304.43608
1.655821,101,3308.884753
2.276642,101,3313.311808
3.008532,101,3317.82707
-8.394736,6,3318.135444
1.497904,101,3322.5524
1.492982,101,3326.975499
2.709547,101,3331.354585
1.801977,101,3335.730221
2.413631,101,3340.109061
2.088445,101,3344.57371
1.928289,101,3349.01471
-7.911766,5,3349.245291
2.883027,101,3353.659993
2.213219,101,3358.131521
2.599958,101,3362.504978
-7.500562,9,3362.938922
2.283918,101,3367.388506
1.603131,101,3371.895673
2.311122,101,3376.313511
2.101269,101,3380.738197
2.107341,101,3385.171441
-7.477327,7,3385.484934
3.081423,101,3389.971022
2.718836,101,3394.401394
-17.142056,11,3394.93237
1.629433,101,3399.348242
2.911954,101,3403.75065
2.671414,101,3408.181601
2.437929,101,3412.734559
-7.622555,10,3413.238117
2.346327,101,3417.646607
1.747079,101,3422.331431
2.255876,101,3426.857373
2.68968,101,3431.324706
2.387964,101,3435.841908
2.222517,101,3440.491288
3.272056,101,3444.982488
2.338497,101,3449.48628
2.73062,101,3454.009779
1.717861,101,3458.535529
1.016518,101,3463.019414
1.812287,101,3467.498889
2.24449,101,3472.016748
2.593591,101,3476.555769
1.304068,101,3481.047013
2.902539,101,3485.527017
2.235128,101,3490.048225
2.551285,101,3494.587819
1.526989,101,3499.085425
-7.95141,6,3499.399985
2.531098,101,3503.872211
2.660705,101,3508.3272
1.950192,101,3512.836948
3.126657,101,3517.3058
2.315565,101,3521.763226
2.687046,101,3526.202176
3.155063,101,3530.684468
2.564081,101,3535.149654
2.660063,101,3539.633225
2.44794,101,3544.133691
-8.178359,7,3544.45932
1.628821,101,3548.981987
2.253578,101,3553.461677
1.850007,101,3557.955519
2.844036,101,3562.411679
1.895136,101,3566.919612
1.867719,101,3571.413784
2.214113,101,3575.913209
2.465892,101,3580.421204
2.783302,101,3584.902372
2.261785,101,3589.390794
1.547017,101,3594.050632
2.282373,101,3598.72743
2.916529,101,3603.371842
1.809479,101,3607.900907
1.839838,101,3612.41803
2.955507,101,3616.963057
1.820114,101,3621.493083
2.070146,101,3625.981673
2.224711,101,3630.439252
2.828559,101,3634.930753
2.169377,101,3639.431729
2.835212,101,3643.882519
-8.089339,7,3644.232255
2.366104,101,3648.67697
-7.262992,8,3649.067736
2.918911,101,3653.555925
1.814832,101,3658.157028
2.410227,101,3662.695668
-9.557765,2,3662.813069
2.019986,101,3667.3955
1.920071,101,3671.955869
2.007943,101,3676.462727
1.938154,101,3680.912403
2.401809,101,3685.40197
1.326332,101,3689.867788
2.852159,101,3694.343684
2.608963,101,3698.854676
-6.783673,11,3699.382671
2.028158,101,3703.842227
-8.027637,7,3704.160938
2.191115,101,3708.627139
1.867509,101,3713.041199
1.635468,101,3717.449668
1.74965,101,3721.94228
2.433921,101,3726.524981
2.105234,101,3731.069593
1.746036,101,3735.586926
2.774637,101,3740.228986
2.048213,101,3744.733439
2.065086,101,3749.213818
1.353286,101,3753.775195
2.00663,101,3758.325024
-7.375781,9,3758.773248
2.288911,101,3763.267409
2.122651,101,3767.758714
2.708275,101,3772.220346
1.264992,101,3776.732811
1.605572,101,3781.188313
-9.092299,4,3781.385813
1.957286,101,3785.976852
2.025632,101,3790.432463
-17.905004,10,3790.923064
1.69756,101,3795.401286
2.016343,101,3799.87832
2.71834,101,3804.306963
1.888424,101,3808.742843
2.405676,101,3813.188211
3.014944,101,3817.677676
2.405931,101,3822.180705
3.497691,101,3826.704219
-7.18225,8,3827.105136
2.428473,101,3831.622764
2.294163,101,3836.170881
1.33275,101,3840.683599
1.587574,101,3845.254804
2.087274,101,3849.710379
3.678177,101,3854.190315
-8.40617,5,3854.424813
2.234328,101,3858.950543
2.469591,101,3863.499483
1.804395,101,3868.056633
2.759726,101,3872.662882
2.33926,101,3877.267613
2.874135,101,3881.763157
3.667187,101,3886.343415
1.626326,101,3890.853159
2.020487,101,3895.399471
-8.970206,4,3895.597642
-7.691302,6,3895.910182
2.191326,101,3900.438298
2.398293,101,3904.850738
3.477975,101,3909.276874
2.103046,101,3913.683734
3.101755,101,3918.11288
1.842701,101,3922.557658
2.442826,101,3927.058496
1.794565,101,3931.51806
1.640371,101,3936.058298
2.557498,101,3940.547651
1.863498,101,3945.011814
2.402797,101,3949.458785
1.534587,101,3953.89267
3.056362,101,3958.410716
2.366691,101,3962.905127
2.264004,101,3967.384671
2.588386,101,3971.844316
2.721464,101,3976.334944
1.805536,101,3980.785039
2.06019,101,3985.204284
2.436605,101,3989.624272
3.113277,101,3994.086079
2.651134,101,3998.519519
2.576332,101,4003.010491
1.714513,101,4007.5775
-8.077147,7,4007.902361
2.053026,101,4012.419894
2.282851,101,4016.904251
2.799141,101,4021.466717
3.050743,101,4025.97405
2.419418,101,4030.468452
2.943015,101,4034.922044
2.750411,101,4039.461299
-7.903639,5,4039.736296
1.908644,101,4044.250829
-8.275748,6,4044.574341
2.398497,101,4049.165119
2.728556,101,4053.743941
1.962675,101,4058.244718
2.573814,101,4062.769858
3.109083,101,4067.307742
-7.457173,7,4067.663937
2.312546,101,4072.190576
-7.583856,5,4072.465395
2.369863,101,4076.956615
1.96773,101,4081.438235
1.969645,101,4085.957467
2.280843,101,4090.578155
2.697115,101,4095.116647
2.04031,101,4099.668078
2.69592,101,4104.220932
2.386141,101,4108.759617
1.457193,101,4113.252373
2.579836,101,4117.710746
2.346413,101,4122.186684
2.232694,101,4126.631351
2.723415,101,4131.083048
-7.588934,7,4131.437348
2.471294,101,4135.87967
1.849727,101,4140.325238
2.024438,101,4144.7932
1.988348,101,4149.223243
3.216416,101,4153.691273
1.674062,101,4158.202372
2.597684,101,4162.680451
2.458309,101,4167.121783
-8.987791,3,4167.278954
2.352623,101,4171.797499
2.023273,101,4176.237471
2.80579,101,4180.676023
3.104255,101,4185.099195
3.246576,101,4189.588657
-7.446948,8,4189.98227
2.645061,101,4194.43778
1.923507,101,4198.880306
1.867467,101,4203.33552
2.597283,101,4207.866719
2.178596,101,4212.338801
1.152506,101,4216.792885
2.225737,101,4221.295711
2.322914,101,4225.76718
2.239342,101,4230.215693
-7.663125,5,4230.480635
2.319939,101,4234.946132
2.334888,101,4239.387652
1.735201,101,4243.870025
1.129445,101,4248.39039
2.402543,101,4252.831688
2.503165,101,4257.267882
2.549272,101,4261.775319
2.438806,101,4266.326566
1.93674,101,4270.762721
1.974041,101,4275.195528
1.974707,101,4279.679327
1.887278,101,4284.113777
2.227256,101,4288.586683
2.358636,101,4293.065124
1.716621,101,4297.570081
1.906896,101,4302.040108
2.312656,101,4306.487189
1.834178,101,4310.966902
2.58074,101,4315.506074
2.696063,101,4319.993803
1.789525,101,4324.54823
2.982592,101,4329.067321
1.769369,101,4333.490433
1.951839,101,4337.936738
2.054401,101,4342.371462
2.342656,101,4346.829752
2.254608,101,4351.255606
2.425436,101,4355.68801
1.989686,101,4360.131722
2.404041,101,4364.618321
2.180083,101,4369.11647
2.522885,101,4373.587563
-7.972604,6,4373.896902
3.037754,101,4378.333725
2.333514,101,4382.800767
2.351885,101,4387.311702
2.307947,101,4391.781371
2.679931,101,4396.245296
1.766284,101,4400.744043
1.689034,101,4405.205466
2.613899,101,4409.665979
2.959424,101,4414.152296
3.099112,101,4418.675606
2.55313,101,4423.161624
2.470114,101,4427.672816
-7.590583,9,4428.113733
2.574432,101,4675.446179
