#{"t_start": 1651386652.2053783, "env_id": "cruise-ctrl-v0"}
r,l,t
-7.768401,7,0.008209
-18.233669,6,0.009554
-6.22847,101,0.483088
-16.971345,26,0.650954
-8.356257,7,0.693201
-8.772944,7,0.73499
-18.266616,14,0.819756
-7.634283,6,0.854851
-17.486857,12,0.926718
-17.676419,13,1.004255
-7.42592,8,1.053269
-17.707949,10,1.115741
-7.223527,10,1.175797
-17.701617,10,1.234191
-8.455955,5,1.264125
-18.123889,13,1.340263
-17.127321,23,1.475457
-9.108148,9,1.531699
-0.393736,101,2.119955
-17.750062,32,2.303778
-7.224722,8,2.350317
-17.877097,6,2.385353
-17.547568,10,2.442651
-7.670772,9,2.493881
-17.49249,12,2.562267
-87.334036,92,3.077327
-8.076101,8,3.124702
-17.293831,13,3.199761
-16.839646,37,3.412736
-8.506173,7,3.453658
-19.039556,101,4.033442
-7.95688,101,4.60994
-7.823877,8,4.658419
-17.339311,9,4.711295
-7.323932,12,4.781866
-16.538784,14,4.863021
-17.556727,10,4.924428
-18.03031,7,4.965695
-6.660371,8,5.012588
-18.031856,9,5.069681
-27.454723,37,5.283919
-18.433175,5,5.313563
-7.461332,8,5.362476
-37.111465,22,5.489485
-17.56795,13,5.566395
-7.355454,10,5.625678
-8.215246,8,5.730092
-27.795736,18,5.835441
-8.686794,6,5.870828
-8.07253,6,5.906731
-17.811352,13,5.984828
-18.308728,6,6.021073
-18.537952,10,6.081394
-18.365983,16,6.17971
-26.841197,40,6.417397
-7.531622,13,6.499212
-7.357566,9,6.555878
-27.947131,18,6.66459
-27.562704,60,7.022281
-57.950984,28,7.192015
-18.188932,13,7.271545
-6.98051,8,7.319838
-57.418581,37,7.539004
-27.741684,19,7.651608
-7.462202,10,7.710972
-8.132766,5,7.741003
-18.094559,7,7.782527
-18.414879,8,7.830287
-27.828866,27,7.98969
-18.019669,13,8.06675
-3.438787,101,8.672998
-17.282117,12,8.745348
-27.625748,18,8.853523
0.713406,101,9.445698
-17.653547,101,10.039943
-10.403002,101,10.636791
-10.399458,101,11.226884
-8.361677,101,11.824749
-5.366827,101,12.416264
-8.424119,101,13.032675
0.495142,101,13.631884
-17.526587,12,13.702589
-17.716174,7,13.746639
1.647421,101,14.328186
1.643567,101,14.911451
2.066966,101,15.507676
2.207451,101,16.099373
1.550516,101,16.694535
1.179409,101,17.316065
-8.419908,5,17.34776
0.862202,101,17.962491
2.613165,101,18.564286
2.350736,101,19.162697
1.760425,101,19.809903
2.838536,101,20.369459
-7.795994,9,20.420422
2.299001,101,21.013225
2.436349,101,21.647576
2.502061,101,22.250668
-18.581543,6,22.288934
2.589719,101,22.87831
-18.016182,8,22.926701
2.038448,101,23.527066
2.170432,101,24.164223
-18.157759,9,24.222413
-18.666182,5,24.253331
-8.317553,5,24.284693
2.274261,101,24.899675
1.934306,101,25.492652
1.767526,101,26.084012
-8.177613,5,26.116019
2.28156,101,26.714959
3.02998,101,27.308636
3.097136,101,27.908449
1.799174,101,28.50185
2.326732,101,29.087676
2.097038,101,29.695049
2.511456,101,30.289914
-7.22464,8,30.337486
1.755659,101,30.927026
-7.590829,9,30.980201
2.021567,101,31.557006
2.699762,101,32.1358
1.140487,101,32.741819
2.657301,101,33.33068
1.710912,101,33.924513
-7.833371,6,33.960729
1.501885,101,34.543511
-7.600806,7,34.58499
2.257526,101,35.177342
1.626214,101,35.775959
2.408711,101,36.382224
1.209479,101,36.979086
1.972482,101,37.560437
1.907489,101,38.160802
1.829726,101,38.751363
2.958241,101,39.342589
0.995098,101,39.93546
-7.820579,7,39.976831
2.19956,101,40.571774
1.689119,101,41.162702
-7.979163,7,41.20447
1.982245,101,41.824001
2.319162,101,42.422358
1.236127,101,43.009028
2.18652,101,43.603648
1.953551,101,44.196352
2.480733,101,44.791679
-7.398085,9,44.844669
3.117902,101,45.439241
2.635609,101,46.025396
2.084951,101,46.609068
2.303213,101,47.21225
2.130347,101,47.81013
1.503574,101,48.417225
1.348089,101,49.010972
1.864964,101,49.607233
2.665227,101,50.201234
-17.833325,11,50.267913
2.474484,101,50.865928
2.336405,101,51.460141
1.66692,101,52.0511
1.843964,101,52.648465
1.29093,101,53.255148
1.526666,101,53.861558
2.064843,101,54.461037
2.528092,101,55.062137
1.8161,101,55.643029
2.202569,101,56.226933
1.441748,101,56.805744
1.95418,101,57.38396
2.537317,101,57.965398
1.77491,101,58.543362
2.191298,101,59.13899
2.065338,101,59.740777
1.35432,101,60.389793
1.435851,101,60.992759
2.169969,101,61.55764
2.162461,101,62.126389
2.233715,101,62.712415
2.75178,101,63.359987
1.977016,101,63.952349
1.385941,101,64.527808
-18.423399,6,64.563628
2.700609,101,65.151224
-18.462811,6,65.187582
2.092201,101,65.781298
1.766843,101,66.361182
1.56471,101,66.933522
2.621031,101,67.505752
2.403403,101,68.085546
2.270781,101,68.660941
1.44627,101,69.238811
1.440191,101,69.81588
1.561946,101,70.388757
-7.643579,7,70.431248
2.346638,101,71.009407
2.196212,101,71.599269
2.285248,101,72.183473
1.939657,101,72.773754
-18.325773,7,72.815749
1.580771,101,73.403477
2.34637,101,74.029846
3.105629,101,74.62317
2.458295,101,75.223753
2.699362,101,75.833385
1.944117,101,76.440059
1.86409,101,77.079819
2.202508,101,77.711758
2.645982,101,78.314103
2.493093,101,78.917276
3.35082,101,79.520717
1.882615,101,80.118036
1.362726,101,80.725689
-19.194956,4,80.751938
1.215009,101,81.369895
-17.964007,7,81.411335
1.813909,101,82.021063
1.634592,101,82.612015
1.920793,101,83.19897
1.349669,101,83.78393
1.686121,101,84.386838
2.798261,101,84.982891
1.996238,101,85.603276
2.207346,101,86.223155
-18.037297,8,86.2717
1.421298,101,86.869567
2.272136,101,87.468759
1.918195,101,88.058844
1.972462,101,88.679491
2.32515,101,89.285234
1.886316,101,89.88929
1.430598,101,90.480901
-27.981676,101,91.091558
1.599786,101,91.697973
3.266588,101,92.287299
-18.111264,8,92.334507
3.081769,101,92.916635
1.989853,101,93.496925
3.098141,101,94.097924
2.461606,101,94.703628
2.003249,101,95.284484
-9.144348,4,95.310143
1.680045,101,95.906243
1.636114,101,96.501197
2.331888,101,97.093511
1.92683,101,97.693128
1.09754,101,98.274199
2.598949,101,98.85946
2.554778,101,99.437055
-7.84079,6,99.472219
-17.6885,9,99.524994
1.831985,101,100.103326
2.03836,101,100.684228
1.649199,101,101.261697
2.835555,101,101.840072
1.670395,101,102.421466
2.731509,101,103.000928
2.553434,101,103.579747
2.293987,101,104.159516
-7.938613,5,104.188849
2.06485,101,104.769655
1.93955,101,105.347108
2.142938,101,105.92564
2.202192,101,106.506978
1.89954,101,107.086385
-7.797045,7,107.127232
2.69609,101,107.705071
1.801883,101,108.285165
1.825451,101,108.865035
2.005601,101,109.443747
2.283065,101,110.022798
2.153591,101,110.602358
-7.723584,9,110.655443
1.947573,101,111.234811
1.716114,101,111.81715
1.777894,101,112.395708
2.110964,101,112.976476
3.014965,101,113.554968
2.503465,101,114.134724
2.535969,101,114.713799
1.656853,101,115.292462
-8.593149,5,115.321783
2.51483,101,115.900339
-17.89336,101,116.47942
3.155206,101,117.058328
2.368063,101,117.644102
2.088616,101,118.225035
2.668779,101,118.805378
2.279407,101,119.386803
2.151999,101,119.980864
2.362104,101,120.576709
1.984273,101,121.15789
2.986806,101,121.753304
2.989633,101,122.346045
-18.366542,7,122.388508
2.510978,101,122.980961
-8.314796,7,123.023459
1.47055,101,123.615002
1.892029,101,124.198098
2.225863,101,124.803469
-7.974854,6,124.839138
2.190039,101,125.437285
1.970932,101,126.021735
1.684145,101,126.604496
2.355687,101,127.187741
2.398978,101,127.769421
2.266216,101,128.353718
2.632161,101,128.942465
3.088538,101,129.525322
-8.712653,4,129.549052
1.659382,101,130.124424
2.07465,101,130.698381
-8.239291,6,130.736378
2.041062,101,131.317479
2.355078,101,131.898371
2.894034,101,132.478781
1.630544,101,133.059496
1.902477,101,133.639637
2.080719,101,134.220611
2.809375,101,134.798273
2.870174,101,135.385168
2.039364,101,135.970702
2.104418,101,136.54782
3.094345,101,137.126106
2.029656,101,137.707989
2.690504,101,138.286646
2.759955,101,138.867248
-18.326413,6,138.902432
1.729108,101,139.481981
-18.361837,7,139.523117
2.02346,101,140.102266
2.733737,101,140.685744
2.670675,101,141.276665
1.625703,101,141.882265
1.530773,101,142.462372
2.011154,101,143.060863
1.37954,101,143.639877
-8.09633,6,143.676205
1.514981,101,144.255275
2.820799,101,144.833778
3.375684,101,145.414734
2.054165,101,145.993116
3.288349,101,146.587542
2.227843,101,147.173712
2.15985,101,147.753342
1.900533,101,148.341732
-8.556202,7,148.383216
1.756845,101,148.976007
1.837625,101,149.556354
2.291439,101,150.138419
1.525298,101,150.715966
1.990967,101,151.294325
2.558544,101,151.871734
2.320924,101,152.463902
3.133454,101,153.068899
2.294336,101,153.656355
2.326078,101,154.235996
2.01613,101,154.818197
3.01778,101,155.401741
1.744652,101,155.984125
1.601017,101,156.562713
1.455376,101,157.141209
2.7495,101,157.719912
2.085959,101,158.314273
2.500083,101,158.914067
2.444328,101,159.49817
1.654745,101,160.076803
2.766936,101,160.655589
2.291759,101,161.235274
1.414228,101,161.813969
2.281954,101,162.422982
2.245463,101,163.025196
1.594961,101,163.617083
2.415664,101,164.25003
1.929052,101,164.852481
-8.10218,7,164.897519
1.662049,101,165.48804
-8.126009,5,165.518121
2.204759,101,166.10557
1.87582,101,166.716965
3.514997,101,167.318204
2.224713,101,167.89946
2.345754,101,168.480558
1.570019,101,169.064141
1.76658,101,169.644138
2.411954,101,170.254253
1.718843,101,170.844656
2.686708,101,171.423765
2.451022,101,172.002218
-7.75827,6,172.037625
2.236125,101,172.618088
1.761929,101,173.1981
1.201198,101,173.791747
2.630147,101,174.394363
2.772087,101,174.973307
1.856493,101,175.56728
1.666986,101,176.157988
1.595363,101,176.756909
1.298022,101,177.330049
2.529561,101,177.902269
2.127391,101,178.483675
3.211576,101,179.06394
2.269749,101,179.64516
1.659916,101,180.227569
1.925293,101,180.808116
2.0673,101,181.403005
3.049962,101,182.022346
2.01617,101,182.625435
2.25206,101,183.217518
2.621074,101,183.817273
1.83744,101,184.424556
2.250684,101,185.028964
1.394575,101,185.619853
2.381001,101,186.200328
1.649601,101,186.781477
1.755196,101,187.395092
2.216552,101,187.999583
1.745961,101,188.600678
2.019072,101,189.203332
1.985829,101,189.790935
2.196736,101,190.391688
2.343259,101,190.987373
2.707581,101,191.57281
1.097334,101,192.161995
1.411035,101,192.742827
2.989714,101,193.338739
2.539379,101,193.926244
1.691554,101,194.517269
2.014481,101,195.120565
2.321065,101,195.721845
1.70724,101,196.301268
2.470662,101,196.883022
2.301539,101,197.462213
2.040324,101,198.041849
2.031718,101,198.62166
1.776412,101,199.2214
2.915598,101,199.823216
2.508606,101,200.409576
2.601509,101,201.001795
2.287533,101,201.594248
-8.118848,7,201.63532
2.092011,101,202.218031
2.937564,101,202.79868
2.49489,101,203.404944
2.115858,101,203.987107
2.28308,101,204.58287
2.903861,101,205.178982
2.548953,101,205.794609
2.627341,101,206.37726
2.309847,101,206.989297
2.821275,101,207.599862
-8.43173,101,208.20127
2.445533,101,208.785273
2.070935,101,209.370733
2.342102,101,209.954058
1.99715,101,210.534423
2.132975,101,211.157418
2.86009,101,211.753936
1.981881,101,212.337618
1.947191,101,212.922629
1.688175,101,213.502184
-7.604827,8,213.5495
1.203561,101,214.129474
2.159577,101,214.70897
1.799033,101,215.289193
2.78512,101,215.880112
2.392351,101,216.486331
2.617521,101,217.08902
2.043887,101,217.668714
2.506267,101,218.252356
-18.102386,101,218.834
2.302092,101,219.451176
2.704438,101,220.030353
2.0747,101,220.630676
2.373336,101,221.232301
3.075497,101,221.824917
2.554594,101,222.416515
-18.268239,8,222.46273
2.376509,101,223.049618
2.556102,101,223.641147
2.691136,101,224.233049
-7.972456,7,224.275767
1.974447,101,224.866458
2.108642,101,225.46127
2.677131,101,226.05872
2.411521,101,226.654313
-8.873247,4,226.677967
2.32603,101,227.277409
1.92071,101,227.857977
2.950359,101,228.458094
1.749683,101,229.040629
2.645468,101,229.645376
2.323038,101,230.252833
2.476885,101,230.858243
-8.12272,6,230.894251
2.698601,101,231.490698
-8.318375,7,231.532155
-8.252266,7,231.573271
1.561371,101,232.172393
3.053497,101,232.759687
1.992758,101,233.360301
2.661539,101,233.953013
1.694445,101,234.552539
2.372139,101,235.145964
-17.675449,101,235.737258
2.856736,101,236.327297
2.316016,101,236.915608
2.799917,101,237.524265
2.798542,101,238.125064
2.995891,101,238.7285
1.888676,101,239.330963
3.058054,101,239.919527
2.265293,101,240.504344
1.743649,101,241.084125
2.177647,101,241.676202
2.824111,101,242.280947
1.893063,101,242.895334
-7.522056,7,242.940363
3.058479,101,243.532828
1.71518,101,244.119965
2.637312,101,244.709812
2.113704,101,245.308173
1.769092,101,245.907588
2.386166,101,246.521252
1.884883,101,247.129008
2.421991,101,247.74061
2.402197,101,248.344657
1.678166,101,248.950681
1.897302,101,249.551247
2.231106,101,250.144475
-18.263948,9,250.196698
1.567107,101,250.782325
1.319059,101,251.36079
2.40772,101,251.963954
1.273119,101,252.546157
1.360485,101,253.126698
2.775814,101,253.706283
1.017101,101,254.28362
3.511955,101,254.860724
2.772518,101,255.438586
2.020998,101,256.018989
2.020167,101,256.59804
2.313325,101,257.17752
-9.029258,3,257.195344
1.785398,101,257.781204
1.924855,101,258.372046
1.788506,101,258.958709
1.92429,101,259.557042
-8.248769,101,260.149311
2.155844,101,260.746034
1.597344,101,261.345101
2.745148,101,261.946371
-7.639101,8,261.995139
2.574563,101,262.599877
2.274759,101,263.198313
1.997167,101,263.787024
1.824349,101,264.370893
2.696582,101,264.974101
1.93499,101,265.558924
-9.016261,4,265.583093
1.840559,101,266.197976
2.422014,101,266.799801
-9.091186,3,266.81783
2.435359,101,267.398937
1.93815,101,267.986097
2.811529,101,268.573355
-18.502054,7,268.616369
1.643503,101,269.199811
2.529662,101,269.785767
2.741653,101,270.386861
2.373573,101,270.96813
2.334597,101,271.547959
1.426544,101,272.128722
-27.622969,101,272.70814
2.143343,101,273.289019
2.259279,101,273.870053
1.66669,101,274.450431
1.721874,101,275.030626
0.967323,101,275.613331
2.144401,101,276.193712
-8.15083,7,276.234718
-18.225436,7,276.276208
1.855303,101,276.857661
1.417852,101,277.457354
2.621607,101,278.041848
1.344303,101,278.620787
3.278462,101,279.20179
2.289936,101,279.785135
2.481319,101,280.366991
2.290583,101,280.968107
2.360011,101,281.550106
2.931651,101,282.152615
-27.954913,101,282.770079
-18.558464,101,283.384444
1.277208,101,283.987458
2.238367,101,284.583482
3.256072,101,285.176629
2.973917,101,285.767049
2.10049,101,286.365807
1.846162,101,286.966597
2.180777,101,287.549787
1.004187,101,288.150909
1.592781,101,288.739998
1.643699,101,289.3433
1.778105,101,289.93178
2.628081,101,290.522392
1.983878,101,291.111515
2.344687,101,291.704234
2.720177,101,292.320204
1.737485,101,292.921637
1.919881,101,293.517449
2.407573,101,294.112304
-37.826005,101,294.711196
-8.436029,6,294.747381
-7.297303,9,294.801587
-17.882503,9,294.855193
1.252413,101,295.463384
2.0149,101,296.060364
1.941167,101,296.682673
2.280999,101,297.299915
-7.939166,7,297.340822
2.164918,101,297.945776
1.76334,101,298.54731
2.417602,101,299.13607
2.409712,101,299.736472
2.402311,101,300.34089
2.54466,101,300.949055
1.445892,101,301.5434
1.687952,101,302.1329
1.596314,101,302.725919
2.349245,101,303.318495
2.292259,101,303.91518
1.342215,101,304.509838
1.839907,101,305.093508
2.023346,101,305.672815
1.846572,101,306.252206
1.300434,101,306.837127
1.964287,101,307.416949
1.691302,101,308.00666
2.0807,101,308.60039
2.274227,101,309.195621
2.238711,101,309.77952
2.343749,101,310.370098
3.016136,101,310.957539
2.072163,101,311.540337
2.608449,101,312.13466
2.834489,101,312.737601
-8.157976,6,312.775625
-7.444729,9,312.831676
2.234255,101,313.434332
-19.006823,6,313.47244
2.722561,101,314.086105
2.848876,101,314.682337
3.045682,101,315.262285
1.813106,101,315.843539
1.555949,101,316.438889
2.526769,101,317.019162
2.60802,101,317.600955
2.920258,101,318.182282
1.762107,101,318.763893
1.091053,101,319.345731
2.127431,101,319.934091
1.892525,101,320.524683
1.941252,101,321.10616
2.260418,101,321.68931
-8.14889,7,321.730063
2.183231,101,322.315032
2.723622,101,322.895912
1.453244,101,323.493314
2.165067,101,324.078614
3.166369,101,324.661353
2.281927,101,325.256383
2.15257,101,325.86039
-8.078493,6,325.895691
1.708573,101,326.483319
1.64716,101,327.079796
2.927959,101,327.680178
2.683678,101,328.269937
1.840763,101,328.854901
1.06437,101,329.444404
2.29512,101,330.033987
2.71261,101,330.618117
1.970537,101,331.211289
1.640573,101,331.795685
2.853791,101,332.381282
1.543817,101,332.968132
1.68513,101,333.563833
2.524135,101,334.152859
1.590715,101,334.737567
2.129256,101,335.321075
2.88948,101,335.905244
2.632148,101,336.510444
1.960334,101,337.10974
-7.435559,9,337.163567
1.625354,101,337.762055
-8.569604,4,337.786245
1.69942,101,338.379087
2.494079,101,338.963125
2.069649,101,339.549747
0.871571,101,340.147375
1.888157,101,340.737171
-7.769881,6,340.773364
1.447782,101,341.360029
2.494209,101,341.945596
1.515331,101,342.531698
2.880657,101,343.115989
1.815987,101,343.701846
1.338616,101,344.295031
1.515586,101,344.890563
2.502028,101,345.488006
1.744716,101,346.088305
2.821645,101,346.676943
2.111867,101,347.271277
2.544627,101,347.869561
2.407272,101,348.45444
2.038318,101,349.038964
2.23315,101,349.623248
1.783363,101,350.234356
1.432933,101,350.840106
2.422243,101,351.428532
1.71805,101,352.016885
2.493386,101,352.612772
2.49858,101,353.212889
2.185024,101,353.816316
2.094097,101,354.41122
-8.201431,7,354.454707
2.850927,101,355.046813
1.65157,101,355.659271
1.966608,101,356.25383
1.6063,101,356.85628
2.086171,101,357.465298
1.915004,101,358.066447
1.881991,101,358.672557
1.463674,101,359.262217
1.773489,101,359.849926
2.131128,101,360.434754
2.657382,101,361.020283
2.860962,101,361.605853
2.154197,101,362.193882
2.438666,101,362.776661
2.882707,101,363.363785
2.268984,101,363.948378
2.923982,101,364.530549
2.281629,101,365.114968
1.820097,101,365.698341
2.559082,101,366.282099
1.782998,101,366.86583
2.239254,101,367.450529
1.58337,101,368.034372
2.192293,101,368.618329
3.083534,101,369.211918
2.187173,101,369.794502
1.284797,101,370.380935
2.573352,101,370.96373
2.590822,101,371.547245
2.942788,101,372.130973
1.517078,101,372.71401
2.229327,101,373.296136
2.069044,101,373.88363
2.523343,101,374.476751
2.21148,101,375.078189
1.958416,101,375.676843
2.841515,101,376.27352
1.594179,101,376.870614
3.09753,101,377.460608
1.378138,101,378.062755
-7.611567,5,378.092964
2.279822,101,378.679116
1.694451,101,379.272177
3.144345,101,379.886888
2.58921,101,380.483795
2.537675,101,381.083565
1.432026,101,381.673853
-18.412488,7,381.715071
2.688839,101,382.308789
2.346021,101,382.917567
-37.405493,101,383.492804
3.238053,101,384.07476
0.926174,101,384.663458
2.253953,101,385.254563
1.727348,101,385.83721
2.004043,101,386.428722
2.181823,101,387.021145
2.977331,101,387.601992
1.785245,101,388.193214
2.630147,101,388.786787
2.222211,101,389.383152
2.168456,101,389.98018
1.736715,101,390.569042
2.094948,101,391.14968
2.138288,101,391.729409
1.648433,101,392.31464
-8.203272,6,392.351501
2.016131,101,392.938841
2.524232,101,393.524607
2.64305,101,394.117828
2.579449,101,394.712939
3.05371,101,395.31117
3.376135,101,395.918767
1.309532,101,396.521324
1.628626,101,397.124079
1.970057,101,397.743477
1.607422,101,398.35131
2.003693,101,398.95665
1.865408,101,399.540938
2.368186,101,400.142535
2.324148,101,400.747963
1.253816,101,401.345247
1.796608,101,401.943263
-8.719446,5,401.973647
2.586445,101,402.576167
2.228153,101,403.177032
1.625942,101,403.781689
1.77119,101,404.392188
2.189272,101,404.994437
1.696958,101,405.599161
2.006676,101,406.183398
-17.545818,8,406.230026
1.715627,101,406.816406
-8.322267,6,406.853352
1.302754,101,407.439643
1.772512,101,408.023911
2.37627,101,408.635066
2.295934,101,409.229357
1.971938,101,409.841801
2.071995,101,410.446172
2.242126,101,411.042726
2.255938,101,411.639478
-18.345594,8,411.687984
1.812576,101,412.280918
1.334187,101,412.880952
2.238392,101,413.484084
1.563293,101,414.081415
2.21292,101,414.665753
2.54324,101,415.250418
-18.719753,5,415.279677
1.630169,101,415.865423
1.264134,101,416.45207
2.158352,101,417.033937
2.157793,101,417.615902
2.496968,101,418.199058
2.586696,101,418.784456
3.174672,101,419.367295
-8.129199,5,419.396746
2.011923,101,419.985394
2.657607,101,420.570282
2.206284,101,421.150265
2.406761,101,421.729371
1.91186,101,422.312903
1.760892,101,422.913562
1.978236,101,423.506553
-8.157274,6,423.541653
2.660415,101,424.13957
2.79556,101,424.733887
2.076244,101,425.317572
1.440082,101,425.912554
1.496622,101,426.517565
1.627825,101,427.129587
2.739434,101,427.732079
2.874049,101,428.326602
1.733636,101,428.927757
2.708146,101,429.5294
1.833981,101,430.115903
2.718554,101,430.701695
1.794759,101,431.297103
2.781686,101,431.879357
1.6167,101,432.463156
-18.501902,6,432.499945
-17.571685,7,432.543251
1.997076,101,433.126747
3.0174,101,433.726754
2.259871,101,434.308002
2.483894,101,434.90179
2.088638,101,435.500782
2.500638,101,436.082787
2.140267,101,436.663591
2.87879,101,437.257442
2.172188,101,437.842183
2.32313,101,438.423172
2.223824,101,439.005021
1.499986,101,439.593898
2.395339,101,440.187824
1.909325,101,440.786633
2.523147,101,441.369446
2.040601,101,441.951433
1.51003,101,442.533633
2.183468,101,443.126239
2.264387,101,443.73411
2.508109,101,444.336148
2.656152,101,444.940282
2.214222,101,445.538436
-7.74848,7,445.580081
2.569505,101,446.182524
2.92172,101,446.779407
-17.946365,8,446.830261
2.52546,101,447.441216
-18.555346,5,447.472931
1.82752,101,448.072451
2.83212,101,448.669167
2.741374,101,449.261084
2.226472,101,449.876334
1.967971,101,450.477693
2.345748,101,451.087092
1.21405,101,451.696432
1.685255,101,452.280933
1.649715,101,452.866251
2.48968,101,453.466113
2.21931,101,454.096034
2.220999,101,454.686889
2.413308,101,455.282545
2.523541,101,455.872697
2.952216,101,456.466797
1.283693,101,457.0525
1.842834,101,457.646228
1.730099,101,458.230435
2.415235,101,458.823882
-17.11091,10,458.884508
1.254235,101,459.491421
2.950055,101,460.078894
2.459507,101,460.665351
2.095029,101,461.254134
1.774346,101,461.842914
2.49577,101,462.429824
2.154235,101,463.016412
2.649481,101,463.606149
2.843019,101,464.192526
-8.008579,7,464.235155
2.580104,101,464.821181
2.631748,101,465.409709
2.714848,101,465.999779
-18.130537,7,466.042442
2.546706,101,466.630235
1.691498,101,467.215816
2.057489,101,467.800483
1.579427,101,468.384676
2.256287,101,468.974644
1.636272,101,469.560936
1.977735,101,470.158335
1.832267,101,470.744296
2.324329,101,471.340983
1.874692,101,471.924447
1.733978,101,472.511253
2.218423,101,473.096282
3.070396,101,473.680747
1.822047,101,474.267393
2.186114,101,474.85637
-17.998716,7,474.897651
2.74134,101,475.482906
2.627159,101,476.068362
-18.344587,8,476.115618
1.675862,101,476.701536
2.289636,101,477.286226
1.803742,101,477.871673
1.996188,101,478.456537
2.325079,101,479.041309
-17.743513,8,479.088634
2.218641,101,479.673512
2.61465,101,480.257334
3.355561,101,480.844543
2.023949,101,481.430475
2.564206,101,482.015494
2.110647,101,482.600069
2.272138,101,483.185093
3.394635,101,483.769919
2.89876,101,484.35509
-8.729272,101,484.969215
2.957327,101,485.563248
2.209373,101,486.149982
1.437306,101,486.750824
2.30449,101,487.33725
2.329484,101,487.920972
1.466738,101,488.503598
2.448309,101,489.087035
2.049049,101,489.670495
1.698841,101,490.253927
1.48273,101,490.83758
2.08731,101,491.421563
2.127504,101,492.005438
2.750644,101,492.592545
1.665928,101,493.176149
1.686809,101,493.761635
1.904617,101,494.344764
-8.221929,6,494.380003
2.35809,101,494.972806
2.450334,101,495.557415
2.9679,101,496.142299
1.462051,101,496.726218
2.58846,101,497.310959
1.445675,101,497.896265
2.222856,101,498.483924
2.061898,101,499.069373
2.694479,101,499.655186
2.128941,101,500.246391
3.039655,101,500.836031
2.826059,101,501.464863
1.953415,101,502.073152
1.940681,101,502.717217
2.396442,101,503.326173
2.823134,101,503.923119
2.308782,101,504.508152
2.611127,101,505.096719
2.98434,101,505.678577
1.460373,101,506.260892
1.737022,101,506.842986
2.668145,101,507.42381
2.458213,101,508.005504
1.591392,101,508.587396
2.330147,101,509.16972
1.252647,101,509.757936
1.506103,101,510.344594
2.553382,101,510.93009
2.0676,101,511.51693
2.411343,101,512.104538
1.749528,101,512.68617
2.40983,101,513.267218
2.284324,101,513.849563
1.619808,101,514.432919
1.611394,101,515.015636
2.120076,101,515.601623
1.834066,101,516.201609
2.394673,101,516.804713
-8.002805,7,516.845984
1.464016,101,517.430864
2.454699,101,518.021419
-27.818962,101,518.608831
1.8247,101,519.208322
1.875055,101,519.814342
2.055379,101,520.437222
1.902497,101,521.052382
2.114405,101,521.653163
2.444456,101,522.246182
1.826312,101,522.835791
1.571774,101,523.447083
2.876182,101,524.06612
1.33309,101,524.666891
2.188965,101,525.261324
1.718279,101,525.850413
3.373511,101,526.439838
1.357709,101,527.028524
2.959073,101,527.616702
1.716071,101,528.201374
3.07206,101,528.786383
1.647024,101,529.368774
2.096154,101,529.952986
2.279977,101,530.534431
3.037054,101,531.117015
2.004882,101,531.69871
2.350669,101,532.280111
-48.206497,101,532.862598
-7.793455,8,532.910208
1.439426,101,533.49724
-39.288894,101,534.114238
2.289644,101,534.709506
1.992724,101,535.302071
1.526247,101,535.891128
2.038202,101,536.479816
1.914795,101,537.069371
1.863862,101,537.659106
1.808727,101,538.248132
2.491561,101,538.836794
1.833617,101,539.454175
2.12046,101,540.063843
2.704472,101,540.672464
2.667072,101,541.26948
2.194959,101,541.886151
1.959646,101,542.481391
2.133652,101,543.091586
2.875165,101,543.68905
2.224094,101,544.303779
3.853304,101,544.898134
1.04491,101,545.487137
-8.529837,4,545.510894
2.437205,101,546.117538
1.248555,101,546.714506
2.308667,101,547.307556
1.70633,101,547.903397
2.410907,101,548.504503
2.476449,101,549.095121
2.584942,101,549.679995
2.902686,101,550.290151
2.227153,101,550.884862
2.541938,101,551.47767
1.876128,101,552.081381
1.442294,101,552.681014
1.929816,101,553.298271
1.702811,101,553.908714
1.926638,101,554.524747
2.15492,101,555.140752
2.87432,101,555.731626
2.604299,101,556.321733
3.062716,101,556.915501
2.681721,101,557.500957
1.712144,101,558.085273
-7.703991,7,558.126738
2.307776,101,558.712481
1.523978,101,559.297438
2.371221,101,559.882314
2.680348,101,560.467193
2.957606,101,561.051949
-18.943883,6,561.087844
2.07484,101,561.672649
2.296576,101,562.255884
1.635588,101,562.847182
2.157317,101,563.436314
1.632259,101,564.020669
2.755014,101,564.603643
1.939445,101,565.193872
2.046887,101,565.792006
2.802603,101,566.41317
1.84118,101,567.043543
2.240556,101,567.641038
2.385213,101,568.253435
1.002086,101,568.885011
-18.377459,6,568.921548
2.391842,101,569.517914
-18.273493,7,569.560272
1.681419,101,570.149014
2.555593,101,570.740628
2.180447,101,571.32851
1.414728,101,571.91895
2.588631,101,572.508225
2.675435,101,573.096586
2.412767,101,573.68473
1.947547,101,574.272011
3.13583,101,574.864243
2.445377,101,575.451633
2.216877,101,576.040739
2.127925,101,576.628188
-7.803355,6,576.664187
2.314241,101,577.25215
-17.743913,9,577.307103
1.387292,101,577.89535
2.086254,101,578.482471
1.972857,101,579.071961
2.197511,101,579.659931
-8.170258,7,579.702712
1.762425,101,580.297365
2.447668,101,580.889478
2.035964,101,581.487161
2.595676,101,582.080605
-17.004264,11,582.147168
2.380991,101,582.740738
-18.49964,5,582.7702
2.61791,101,583.363908
2.482858,101,583.95949
1.711105,101,584.553306
2.081343,101,585.151597
1.432678,101,585.744339
2.332337,101,586.346378
1.194657,101,586.954315
1.663809,101,587.557643
1.405005,101,588.160386
2.147262,101,588.758198
2.49221,101,589.357618
-8.778107,4,589.38148
1.85714,101,589.979309
2.5335,101,590.576569
2.131406,101,591.174373
2.403509,101,591.769532
2.488385,101,592.362806
1.949111,101,592.958375
