#{"t_start": 1651855345.6983476, "env_id": "cruise-ctrl-v2"}
r,l,t
-7.755337,9,0.007416
-16.96816,80,0.024728
-7.320502,15,0.409468
-6.773345,14,0.497548
-7.537006,53,0.839805
-17.556951,40,1.076231
-16.89327,28,1.24201
-6.438793,10,1.302425
-7.213915,10,1.362245
-7.803977,6,1.398134
-8.55276,4,1.422382
-7.454787,7,1.465594
-17.014806,35,1.678215
-7.583535,8,1.727345
-16.691042,18,1.837182
-7.484434,8,1.88944
-16.807645,12,1.962165
-3.397064,101,2.556134
-7.06026,9,2.611433
-16.361618,8,2.659719
-28.422703,27,2.820327
-7.710206,6,2.856628
-6.964289,8,2.909743
-7.25828,16,3.009383
-17.576363,13,3.088351
-7.142596,7,3.131499
-6.894122,10,3.201929
-17.60289,6,3.240316
0.683019,101,3.861398
-17.987941,6,3.898704
-7.399274,6,3.937366
-26.829316,46,4.210509
-17.395183,10,4.271788
-17.29226,77,4.72346
-6.908041,16,4.821726
-6.728919,10,4.882605
-7.190135,12,4.956147
-27.695017,24,5.098871
-7.744969,10,5.160144
-16.84431,15,5.251347
-7.279064,11,5.3193
-17.074642,15,5.40828
-7.53262,7,5.451451
-7.335103,6,5.487726
-27.806186,40,5.723641
-8.964003,101,6.440851
-6.634419,15,6.539806
-7.273659,10,6.610826
-8.141888,7,6.65878
-7.322244,12,6.737672
-16.891331,12,6.816568
-17.418207,49,7.137
-17.355549,10,7.198102
-17.355201,12,7.273754
-6.421307,101,7.898937
-17.265522,26,8.063107
-17.385823,18,8.172527
-17.855678,9,8.2306
-7.034662,17,8.338508
-7.729841,9,8.395792
-2.455205,101,9.008497
-1.921178,101,9.635823
-17.603204,42,9.883603
-17.97486,14,9.966737
-17.193172,7,10.009041
-16.838166,12,10.081386
-7.136193,8,10.128553
-7.309648,8,10.176671
-7.655948,13,10.254988
-26.594041,22,10.386716
-17.186757,18,10.493421
-17.519257,42,10.743807
-7.10375,14,10.833909
-36.107732,101,11.440717
-16.6613,14,11.524435
-17.114429,8,11.574802
-17.479309,39,11.810409
-7.032968,10,11.871537
-17.209944,94,12.438631
-7.157825,33,12.642791
-7.238533,5,12.675357
-7.662622,8,12.723829
-17.544941,12,12.797357
-8.076681,15,12.887562
-7.328781,7,12.930387
-17.96709,11,12.997869
-7.027338,30,13.175607
-7.963929,4,13.199543
-8.782388,84,13.700488
-8.626215,5,13.731753
-17.161234,12,13.803546
-7.572753,8,13.851839
-6.692108,24,14.00524
-17.575799,8,14.055777
-6.84565,7,14.099422
-7.300725,19,14.213552
-18.158138,7,14.255435
-8.03038,6,14.292403
-7.215775,7,14.335711
-15.847501,11,14.401516
-17.769693,12,14.473369
-17.665894,7,14.515743
-6.654252,9,14.570507
-7.447554,8,14.621186
-17.594989,26,14.779415
-7.155812,10,14.839572
-6.24125,12,14.912507
-18.035512,16,15.01257
-6.66461,8,15.060873
-17.636305,17,15.164012
-7.510557,10,15.224576
-6.796699,11,15.2914
-7.394011,10,15.351854
-73.251978,101,15.966022
-6.253212,13,16.05
-17.183618,26,16.213465
-17.144802,40,16.449424
-8.156424,7,16.491152
-17.290198,73,16.926044
-17.934273,10,16.988138
-7.337937,7,17.031414
-6.949039,9,17.086774
-8.26259,13,17.168361
-18.767443,5,17.199171
-6.975074,48,17.495345
-17.160575,8,17.544585
-6.785201,11,17.613459
-17.161269,22,17.749459
-6.841779,11,17.82002
-7.716215,6,17.856525
-7.340954,13,17.936991
-7.309987,9,17.992836
-7.775302,6,18.030882
-7.05932,12,18.105737
-7.399558,10,18.168479
-7.351586,11,18.239131
-7.781755,26,18.402636
-6.663931,13,18.484014
-6.861011,14,18.576
-7.292727,8,18.626494
-7.123973,9,18.682903
-17.346605,24,18.826583
-7.557664,10,18.886465
-7.650344,5,18.918657
-17.829038,10,18.978969
-7.623047,6,19.015007
-16.418794,16,19.109911
-7.359983,16,19.206628
-17.63021,24,19.349253
-6.789863,20,19.468261
-17.46806,11,19.534564
-7.344651,11,19.600671
-7.361966,22,19.731441
-7.34673,14,19.81566
-7.536433,18,19.92259
-7.57371,7,19.965273
-26.866908,29,20.138545
-17.602356,14,20.22356
-12.348207,101,20.848735
-17.198924,14,20.933838
-1.425948,101,21.550654
-25.001798,101,22.172333
-20.374848,101,22.779132
-18.030738,11,22.848999
-17.961346,101,23.466144
-11.954691,101,24.065642
-14.38708,101,24.672567
-7.444496,9,24.726688
-20.250461,101,25.324831
-8.23895,101,25.921325
-22.478753,101,26.519679
-24.319451,101,27.116688
-8.608625,101,27.717745
-29.112746,101,28.314404
-14.02393,101,28.915797
-14.483871,101,29.515778
-7.620917,101,30.117682
-13.154334,101,30.721845
-2.531562,101,31.321852
-2.009065,101,31.92186
-1.429263,101,32.521854
0.811521,101,33.120831
0.935969,101,33.716906
2.477971,101,34.315869
1.738091,101,34.912747
0.635353,101,35.508948
0.73298,101,36.10393
2.425805,101,36.719117
1.22262,101,37.33598
0.889167,101,37.936406
2.206419,101,38.530798
1.620054,101,39.124902
1.925734,101,39.719748
0.944556,101,40.312392
1.424447,101,40.904818
-7.235316,7,40.947073
-38.872629,101,41.541982
1.496813,101,42.151022
2.186036,101,42.752072
1.689643,101,43.355001
2.141323,101,43.950893
1.526079,101,44.544052
0.669532,101,45.13994
1.502866,101,45.731929
1.557079,101,46.324003
1.848416,101,46.913706
2.224309,101,47.503999
1.977883,101,48.111683
2.534335,101,48.712012
2.225659,101,49.317018
1.861222,101,49.917948
1.842771,101,50.513956
1.964621,101,51.107011
2.478883,101,51.700991
-7.76956,5,51.732032
1.276101,101,52.325583
1.596069,101,52.923497
2.164962,101,53.519282
2.831617,101,54.128135
2.81202,101,54.729162
1.898615,101,55.33311
-58.25553,79,55.798832
2.956293,101,56.396267
1.908425,101,56.992488
-16.71401,88,57.511279
-17.357581,10,57.572284
-117.356724,91,58.111179
-47.375023,62,58.476079
-26.569239,67,58.872183
2.093996,101,59.471214
-7.716256,7,59.513302
-37.798514,87,60.032494
3.342641,101,60.627313
-18.683854,32,60.816155
-27.084457,65,61.200711
-16.544997,99,61.78541
-26.755302,72,62.211534
-17.61699,52,62.517826
-28.699878,37,62.737275
-27.697158,79,63.203124
2.072645,101,63.797346
2.52731,101,64.391566
1.757896,101,64.985223
1.69254,101,65.578955
-17.970448,7,65.621328
1.984808,101,66.218006
2.298829,101,66.812023
1.784787,101,67.405999
2.010047,101,68.003334
2.394628,101,68.596382
1.823989,101,69.197249
1.56931,101,69.799325
1.321062,101,70.401484
-17.777656,14,70.486426
-8.597067,6,70.522342
1.825727,101,71.120105
2.537468,101,71.72055
2.436362,101,72.318668
-7.636409,9,72.373403
1.698905,101,72.973392
1.19169,101,73.56886
1.340438,101,74.168527
1.582908,101,74.769502
1.105868,101,75.367505
-7.104915,10,75.428362
2.176896,101,76.026217
1.544307,101,76.62661
2.248999,101,77.226185
1.249721,101,77.842541
2.173524,101,78.446428
1.753115,101,79.0525
1.334402,101,79.652669
2.314628,101,80.249663
1.365608,101,80.848702
1.935189,101,81.445616
1.111185,101,82.043593
1.462322,101,82.636121
-7.561365,6,82.672679
0.370765,101,83.271629
1.842332,101,83.88561
1.417241,101,84.492963
1.564557,101,85.098177
1.424304,101,85.69973
2.513677,101,86.304691
1.908533,101,86.904726
0.855682,101,87.506523
2.673437,101,88.107765
2.45853,101,88.710651
1.768786,101,89.312707
-18.533777,6,89.348694
2.349431,101,89.952909
2.008235,101,90.552711
3.041328,101,91.152841
2.204858,101,91.752609
1.465722,101,92.350637
2.185291,101,92.950798
-7.448464,9,93.00568
1.27977,101,93.616393
0.969204,101,94.217738
2.301926,101,94.818859
2.11169,101,95.418468
-17.778204,12,95.49082
2.153156,101,96.110926
1.17874,101,96.719769
1.722276,101,97.320755
-18.580801,12,97.393713
0.97908,101,97.989542
2.18732,101,98.588855
2.326435,101,99.186801
1.248842,101,99.784529
1.753936,101,100.378773
1.837434,101,100.976887
1.496831,101,101.57783
-8.339575,5,101.60885
1.46435,101,102.208903
0.806124,101,102.807849
1.177953,101,103.407021
1.100468,101,104.007844
1.362515,101,104.608061
1.702943,101,105.213843
1.812517,101,105.814061
1.64287,101,106.416057
0.768599,101,107.018873
1.372529,101,107.632652
2.209655,101,108.239014
1.341659,101,108.847991
-8.170556,5,108.878962
1.461616,101,109.483025
1.461786,101,110.08708
1.678017,101,110.688003
0.267204,101,111.287135
0.64431,101,111.888916
0.559886,101,112.490321
0.937867,101,113.090845
0.943179,101,113.708315
1.211399,101,114.315185
1.986167,101,114.923302
0.879507,101,115.52685
1.583592,101,116.129972
1.042783,101,116.731005
1.867263,101,117.333144
1.767298,101,117.933392
1.820192,101,118.535062
1.736196,101,119.141289
-17.493132,8,119.190269
2.554031,101,119.801258
1.569183,101,120.408227
-8.190678,5,120.439087
1.941901,101,121.03568
1.488632,101,121.630299
-8.070165,7,121.672409
2.150757,101,122.266528
1.271783,101,122.861067
0.856728,101,123.456292
1.530491,101,124.051511
2.387134,101,124.646153
1.04855,101,125.238536
0.849642,101,125.853251
2.010706,101,126.45749
1.86257,101,127.055382
-0.365726,101,127.649294
1.414835,101,128.242306
-0.852255,101,128.836235
-7.775676,5,128.86638
1.250413,101,129.461387
2.093172,101,130.056815
-17.526853,11,130.123854
1.402518,101,130.725811
1.426521,101,131.326612
1.630324,101,131.938289
-7.45606,6,131.975278
1.837983,101,132.581068
-0.271166,101,133.20436
1.738927,101,133.809467
1.44937,101,134.421615
1.427635,101,135.024552
2.267168,101,135.629419
1.800329,101,136.234937
1.232529,101,136.848075
1.967923,101,137.450382
0.865144,101,138.064475
2.224067,101,138.672781
1.453136,101,139.27845
1.31085,101,139.877191
1.330179,101,140.479552
1.841552,101,141.078925
2.000385,101,141.699616
-8.339309,5,141.731665
1.811418,101,142.333333
1.685176,101,142.931639
1.94022,101,143.533894
1.984656,101,144.133285
1.36675,101,144.73794
2.069154,101,145.336714
1.244365,101,145.958595
2.143807,101,146.559589
1.648768,101,147.163679
1.868691,101,147.76033
-7.682431,4,147.784936
1.544391,101,148.387338
2.127365,101,148.996763
2.150971,101,149.599683
-7.734014,7,149.642694
0.928248,101,150.236779
1.255815,101,150.835371
1.489702,101,151.433568
1.096895,101,152.029775
1.071105,101,152.623796
-17.897895,7,152.666025
-18.798796,5,152.695996
1.387352,101,153.293431
2.412965,101,153.892449
1.37059,101,154.490633
2.110077,101,155.089041
1.304259,101,155.688912
0.604811,101,156.285105
2.101825,101,156.884912
1.857282,101,157.480723
2.571123,101,158.07797
1.938756,101,158.705941
1.255032,101,159.306148
1.642687,101,159.915946
1.664282,101,160.527051
-17.712131,12,160.604848
1.686081,101,161.211256
0.485881,101,161.808558
1.908855,101,162.419214
1.321181,101,163.016659
2.078087,101,163.614879
-17.573638,8,163.666022
1.325666,101,164.291832
1.165261,101,164.895025
-7.979219,4,164.919852
0.895587,101,165.527792
3.153869,101,166.147068
2.139763,101,166.75425
0.748862,101,167.358903
1.287748,101,167.968999
0.95237,101,168.571355
1.616577,101,169.174997
2.403006,101,169.77716
1.611723,101,170.386331
1.292327,101,170.989216
2.049624,101,171.595144
2.702451,101,172.201632
1.46163,101,172.815355
2.000703,101,173.434159
1.964741,101,174.039162
-27.192378,13,174.118119
2.002024,101,174.716987
1.841475,101,175.327217
1.942646,101,175.943373
2.044276,101,176.549164
2.488619,101,177.166483
2.18837,101,177.773788
0.931865,101,178.390322
2.418807,101,178.996079
2.493555,101,179.601027
1.645273,101,180.21217
2.500674,101,180.831279
1.229832,101,181.435223
1.694558,101,182.040271
2.645403,101,182.649176
1.561186,101,183.264179
1.347101,101,183.869185
1.882158,101,184.470183
2.082721,101,185.093226
2.060964,101,185.713432
1.479173,101,186.321261
1.35783,101,186.928186
1.990714,101,187.529418
1.823892,101,188.128275
1.922686,101,188.73478
1.701433,101,189.336209
2.160948,101,189.932671
2.399107,101,190.539897
2.165812,101,191.142721
1.356014,101,191.764388
2.111336,101,192.368254
1.492937,101,192.965684
1.473207,101,193.560877
-7.487956,6,193.596659
2.781679,101,194.202259
2.691465,101,194.798645
1.63907,101,195.422936
1.900167,101,196.026444
2.010958,101,196.634972
0.878237,101,197.244684
1.829565,101,197.85251
2.471482,101,198.455477
-7.845938,7,198.498322
1.901674,101,199.107528
1.728189,101,199.730711
2.232122,101,200.340792
1.96026,101,200.963615
1.788638,101,201.566338
1.765603,101,202.170588
2.14772,101,202.773531
1.370569,101,203.379161
1.302994,101,203.992525
1.806892,101,204.594527
2.588498,101,205.195513
1.27008,101,205.796457
1.31849,101,206.395249
0.877225,101,206.995258
2.066278,101,207.596496
1.252507,101,208.199774
1.317329,101,208.808244
1.661011,101,209.434641
-7.189172,9,209.489852
1.391131,101,210.097695
1.844212,101,210.704934
1.087355,101,211.309863
-7.910701,5,211.339942
1.820055,101,211.942636
2.348456,101,212.548697
2.095082,101,213.147642
1.780576,101,213.746743
2.306984,101,214.347129
-7.160086,8,214.39579
2.286123,101,214.995721
1.065486,101,215.606657
0.857761,101,216.213802
0.909205,101,216.815852
1.556468,101,217.413406
2.272848,101,218.008116
1.254963,101,218.605863
2.472157,101,219.200228
1.737444,101,219.796435
2.003237,101,220.39471
2.771147,101,220.995772
1.863187,101,221.614959
2.137971,101,222.225838
2.080652,101,222.828242
1.437221,101,223.426961
1.575233,101,224.027064
1.990128,101,224.625854
2.687961,101,225.226469
2.71087,101,225.848674
1.909925,101,226.453144
1.789096,101,227.064927
1.235977,101,227.682274
2.042977,101,228.289872
2.213982,101,228.895041
2.35531,101,229.499595
1.847242,101,230.102326
2.368671,101,230.724155
2.724542,101,231.330505
-17.598809,8,231.378899
2.746884,101,231.98307
1.429921,101,232.588239
2.311333,101,233.185143
2.075589,101,233.801923
1.377135,101,234.412032
1.311251,101,235.016898
2.342786,101,235.654933
1.416214,101,236.25816
2.732427,101,236.863401
1.985505,101,237.466214
2.120641,101,238.07115
1.242645,101,238.677029
2.774897,101,239.278982
2.433144,101,239.880973
2.949452,101,240.48427
1.575857,101,241.086067
1.796221,101,241.689095
2.373293,101,242.293207
1.490396,101,242.898102
0.740758,101,243.499322
2.687899,101,244.105131
2.009841,101,244.708401
2.147752,101,245.324602
2.537374,101,245.931266
2.402322,101,246.531169
1.534708,101,247.134164
-7.516745,5,247.164881
2.476851,101,247.764582
2.111404,101,248.363606
1.415497,101,248.965238
2.210218,101,249.560125
2.126883,101,250.156413
2.060846,101,250.740053
1.727706,101,251.350036
1.87607,101,251.956225
2.03245,101,252.564332
2.162938,101,253.179211
1.644292,101,253.800312
-7.921468,6,253.837901
2.673358,101,254.441483
2.001642,101,255.047318
1.60963,101,255.656441
-18.154349,5,255.688501
2.534191,101,256.298423
2.412252,101,256.90554
2.682486,101,257.513296
2.101983,101,258.119297
-7.725918,6,258.156464
2.207564,101,258.773409
2.098698,101,259.377847
-7.546113,8,259.426916
2.424574,101,260.030355
2.560881,101,260.627545
2.573939,101,261.228484
1.830026,101,261.82735
1.230925,101,262.429404
2.568828,101,263.031618
1.356527,101,263.639516
2.421807,101,264.243021
2.331157,101,264.857589
2.173907,101,265.460637
2.281918,101,266.059452
1.555784,101,266.681632
1.619551,101,267.288605
2.831353,101,267.891687
2.350111,101,268.497532
2.116889,101,269.101636
1.056466,101,269.709499
3.159216,101,270.313518
1.545393,101,270.915519
2.363729,101,271.539586
3.085696,101,272.14372
1.805367,101,272.747751
1.359305,101,273.348712
-7.87193,8,273.402074
1.666486,101,274.022669
2.993753,101,274.632601
1.495732,101,275.238665
2.842611,101,275.840716
2.14314,101,276.439795
1.837233,101,277.068188
2.804575,101,277.671951
1.940643,101,278.272442
2.119333,101,278.876647
1.939463,101,279.476658
1.213562,101,280.079703
2.043097,101,280.68064
2.96618,101,281.288708
1.509452,101,281.890751
2.689434,101,282.492811
1.3494,101,283.096825
1.840664,101,283.698897
2.955374,101,284.301731
2.039639,101,284.91538
1.696302,101,285.518398
3.11443,101,286.122859
2.629089,101,286.723356
1.766736,101,287.355536
3.04802,101,287.979767
1.729459,101,288.601619
-17.372511,7,288.648858
2.591038,101,289.262002
1.7575,101,289.869816
2.708877,101,290.50933
1.999549,101,291.118033
2.47986,101,291.722274
2.047223,101,292.325653
2.766813,101,292.929873
2.773832,101,293.536155
2.712006,101,294.140906
2.307461,101,294.742211
1.027369,101,295.34501
2.343724,101,295.95804
-7.794249,7,296.001047
1.342026,101,296.608131
2.167969,101,297.210066
2.245137,101,297.806949
1.464262,101,298.402695
1.707935,101,299.00219
1.653995,101,299.609335
2.479472,101,300.219026
2.178395,101,300.819236
2.728259,101,301.424921
2.838659,101,302.028294
2.455108,101,302.627158
-6.758734,10,302.68768
1.519164,101,303.287648
1.528996,101,303.889098
2.826514,101,304.490234
1.695653,101,305.093187
1.828857,101,305.697366
2.622604,101,306.313175
1.845947,101,306.927199
1.220438,101,307.546351
2.048524,101,308.176318
-7.796421,4,308.200542
2.463111,101,308.81618
2.299216,101,309.460998
2.527966,101,310.079977
2.62222,101,310.702417
1.806074,101,311.311337
1.398191,101,311.913368
2.898718,101,312.511395
2.96989,101,313.14768
1.721596,101,313.77859
1.741488,101,314.379878
1.230558,101,315.006811
2.144519,101,315.60871
2.049481,101,316.214191
1.432285,101,316.82653
-38.880874,101,317.484529
2.607805,101,318.091356
1.749183,101,318.750196
-7.701556,7,318.794433
1.87856,101,319.401775
2.11831,101,320.024431
1.248961,101,320.629481
2.137933,101,321.234972
2.615976,101,321.821392
1.849715,101,322.42292
2.422809,101,323.069545
2.092015,101,323.672505
1.946632,101,324.277833
2.539699,101,324.890563
2.28596,101,325.49152
1.879487,101,326.115664
2.101785,101,326.722674
1.695751,101,327.325509
1.906227,101,327.921012
1.349219,101,328.522376
2.516001,101,329.130579
2.612541,101,329.72775
2.611083,101,330.322037
3.453674,101,330.942368
-7.450294,7,330.984447
2.26355,101,331.590733
1.035056,101,332.211249
1.586557,101,332.809288
2.689158,101,333.403071
2.693176,101,334.006267
1.218973,101,334.607877
1.801407,101,335.206574
2.112749,101,335.828724
-7.092816,8,335.876709
2.582281,101,336.524766
2.48366,101,337.126699
2.678976,101,337.739281
2.617103,101,338.345435
-7.652944,7,338.387911
1.679996,101,338.990383
2.10644,101,339.621675
-7.610224,8,339.673662
2.298796,101,340.275588
2.046973,101,340.877746
2.157767,101,341.480625
-8.352096,5,341.510943
2.241571,101,342.118706
2.329085,101,342.728655
2.226915,101,343.349106
2.272944,101,343.951774
1.746732,101,344.551671
2.604246,101,345.151086
1.691629,101,345.759733
1.721417,101,346.361851
-7.292667,7,346.404248
2.436651,101,347.002974
2.600339,101,347.624143
1.965019,101,348.222365
2.296165,101,348.821805
2.865747,101,349.421133
-8.737572,5,349.452284
2.732208,101,350.063901
1.499842,101,350.664023
1.614075,101,351.264031
3.194194,101,351.860646
2.072877,101,352.457831
1.433115,101,353.056858
2.310829,101,353.660994
-7.398479,8,353.708935
1.807991,101,354.330478
2.567381,101,354.938676
-17.36533,9,354.993086
2.051,101,355.595915
1.241464,101,356.209952
1.947563,101,356.810303
2.762435,101,357.410889
1.54969,101,358.01309
1.457627,101,358.614255
2.788624,101,359.223354
3.001097,101,359.85373
1.472748,101,360.476439
-7.302494,8,360.526093
1.55523,101,361.130555
2.768603,101,361.730435
2.447474,101,362.344365
2.213098,101,362.956265
2.668222,101,363.557238
2.824205,101,364.165965
-7.936662,9,364.219966
1.885932,101,364.816978
3.230718,101,365.417992
2.042741,101,366.03909
1.506724,101,366.645226
2.659929,101,367.246282
2.375092,101,367.84727
0.864693,101,368.45008
-8.208318,4,368.474181
1.930208,101,369.074104
2.234071,101,369.676299
1.630905,101,370.281833
1.881372,101,370.886318
2.405178,101,371.504968
1.749223,101,372.109306
2.56278,101,372.726147
2.877012,101,373.332391
1.714585,101,373.934921
0.971267,101,374.530499
2.015787,101,375.129334
1.580962,101,375.732344
1.137806,101,376.33135
0.96423,101,376.929573
1.45757,101,377.523406
2.622697,101,378.141184
2.516369,101,378.74322
1.794424,101,379.351914
-17.865314,7,379.395293
-8.606267,4,379.419675
1.619859,101,380.021256
1.57464,101,380.623504
1.52121,101,381.228916
-17.557769,11,381.29867
-8.332228,7,381.34158
1.685418,101,381.942294
2.664451,101,382.571496
3.11997,101,383.17234
2.104246,101,383.771532
1.683637,101,384.37258
-8.019458,7,384.414568
2.255312,101,385.014384
1.723239,101,385.613286
3.017616,101,386.211487
1.644791,101,386.814588
1.860205,101,387.417593
2.005356,101,388.020998
2.621976,101,388.620589
1.685952,101,389.219435
-16.853715,9,389.273453
1.856499,101,389.878603
2.101181,101,390.480463
2.139733,101,391.081677
2.353222,101,391.677198
2.833254,101,392.277253
1.775193,101,392.876251
2.065832,101,393.479638
2.076356,101,394.09191
1.986421,101,394.701678
2.236139,101,395.301578
1.790271,101,395.901557
1.544293,101,396.503541
1.136131,101,397.103759
2.227081,101,397.72609
2.500552,101,398.330588
2.284695,101,398.932212
1.921224,101,399.537782
2.711967,101,400.142804
1.793273,101,400.74782
2.313573,101,401.352762
3.477357,101,401.960653
2.09157,101,402.565768
2.340318,101,403.17168
2.646028,101,403.775821
-8.309284,4,403.800254
1.764095,101,404.404657
2.091609,101,405.008787
-7.974643,8,405.057885
2.100678,101,405.659769
2.616364,101,406.261818
1.756656,101,406.864834
1.735516,101,407.468847
3.05488,101,408.076936
2.661998,101,408.681941
1.392038,101,409.286234
2.305673,101,409.891858
2.40412,101,410.496818
2.274743,101,411.149232
1.974156,101,411.741015
1.873278,101,412.328519
1.478217,101,412.9163
0.987555,101,413.504966
1.778661,101,414.095876
3.177476,101,414.682179
2.369059,101,415.267929
2.19924,101,415.855495
2.813764,101,416.443574
2.122182,101,417.031883
1.874458,101,417.619625
2.235104,101,418.210195
1.164383,101,418.798371
1.932868,101,419.377265
2.642243,101,419.94882
-6.789374,7,419.989594
2.258145,101,420.562158
1.825172,101,421.134161
2.183236,101,421.705611
1.915445,101,422.311646
2.278347,101,422.928102
1.093037,101,423.548872
2.262762,101,424.17818
2.488275,101,424.817467
2.271915,101,425.449678
2.729201,101,426.066398
2.589589,101,426.690779
2.416077,101,427.302423
1.379664,101,427.900155
2.756355,101,428.500307
1.495446,101,429.108752
-7.692979,4,429.133534
2.387876,101,429.731719
1.691017,101,430.332546
1.947805,101,430.927278
1.471261,101,431.527068
-17.068135,9,431.581183
1.097011,101,432.188668
3.034427,101,432.794133
2.539343,101,433.392867
2.545183,101,433.986729
1.644923,101,434.605373
1.158173,101,435.219364
2.156401,101,435.814922
2.797066,101,436.414017
1.670481,101,437.007746
1.66312,101,437.615143
1.542861,101,438.217331
1.390964,101,438.821356
2.09209,101,439.423237
3.035442,101,440.027448
1.944764,101,440.629364
2.146014,101,441.228566
2.058897,101,441.831401
2.737833,101,442.432719
1.456153,101,443.036479
2.11581,101,443.642986
2.179804,101,444.239138
2.461441,101,444.832722
3.59923,101,445.425216
1.972926,101,446.0184
2.809366,101,446.61131
2.794606,101,447.20868
2.04805,101,447.803339
2.060863,101,448.399097
2.401372,101,448.996042
1.873132,101,449.609492
3.237857,101,450.215462
-8.596227,4,450.23943
2.827448,101,450.839525
2.188545,101,451.435188
2.158821,101,452.033776
1.449414,101,452.630187
2.086074,101,453.223608
2.191553,101,453.831583
-7.520421,7,453.873664
1.870928,101,454.48527
2.391064,101,455.090672
1.405331,101,455.691802
2.263575,101,456.29472
2.556805,101,456.893872
1.335372,101,457.490498
2.713368,101,458.091708
1.986831,101,458.695583
2.878865,101,459.29979
2.485723,101,459.899817
2.545389,101,460.497462
2.58849,101,461.099682
2.437249,101,461.697759
1.631157,101,462.300396
1.492985,101,462.89962
1.846005,101,463.498809
-7.91743,7,463.540637
2.174794,101,464.142844
1.902508,101,464.741538
2.721854,101,465.340769
1.363304,101,465.939808
2.489355,101,466.555875
-6.660006,5,466.588445
2.258614,101,467.201747
2.048108,101,467.802792
2.908068,101,468.405963
2.249111,101,469.003782
2.522548,101,469.600209
1.291159,101,470.195084
-17.261138,6,470.230803
1.511338,101,470.821858
1.883176,101,471.415843
2.069313,101,472.007517
2.146319,101,472.600289
2.538413,101,473.195706
2.320598,101,473.791539
1.77333,101,474.387361
1.720653,101,474.982132
2.044523,101,475.573288
2.698867,101,476.212623
1.995694,101,476.88318
1.764107,101,477.562015
-7.26891,10,477.622022
2.065709,101,478.223064
3.207191,101,478.822346
2.056267,101,479.427012
-17.710459,8,479.474893
2.506159,101,480.083085
1.703748,101,480.686061
1.35763,101,481.292166
2.041219,101,481.897271
2.058948,101,482.490118
2.19854,101,483.083085
2.699201,101,483.681208
1.596721,101,484.296694
1.926783,101,484.899304
1.632491,101,485.500315
2.282251,101,486.110853
-7.156649,9,486.165035
3.390644,101,486.760367
1.873621,101,487.367315
2.64101,101,487.978207
2.150334,101,488.583074
1.327495,101,489.188245
2.156774,101,489.790411
-17.405058,8,489.838457
-7.834085,4,489.862469
1.396058,101,490.467187
1.80531,101,491.072462
2.372618,101,491.674047
2.741843,101,492.277268
2.140508,101,492.882437
2.445564,101,493.494485
2.018872,101,494.102314
-7.036495,6,494.139241
-8.08785,7,494.181602
-18.232713,8,494.229523
1.955601,101,494.848108
1.939999,101,495.449217
2.065071,101,496.045131
2.286365,101,496.640267
1.579867,101,497.24012
1.092602,101,497.836316
1.836444,101,498.433377
2.085081,101,499.028944
2.414498,101,499.627383
2.253792,101,500.222379
-7.999298,7,500.264552
2.564356,101,500.862173
1.937967,101,501.460622
2.070012,101,502.058344
-6.798387,11,502.12436
1.4289,101,502.720634
2.236467,101,503.318394
-8.00785,6,503.354776
2.016903,101,503.952396
2.354263,101,504.544837
2.976284,101,505.138319
2.268237,101,505.73425
1.108982,101,506.335059
2.278871,101,506.931498
2.069767,101,507.52612
2.306295,101,508.139936
2.48925,101,508.746916
1.644476,101,509.353451
2.076887,101,509.955491
2.986739,101,510.557721
1.542867,101,511.159943
1.164194,101,511.762495
2.127962,101,512.363575
2.410427,101,512.96557
1.350333,101,513.567514
3.127334,101,514.1715
1.690956,101,514.775572
2.99013,101,515.383485
2.704016,101,515.997291
-7.550052,7,516.043699
-8.213528,6,516.082803
1.893172,101,516.695488
2.076092,101,517.293622
2.23829,101,517.891774
2.484425,101,518.490657
1.93623,101,519.093695
1.65784,101,519.691679
-6.963185,7,519.734557
1.650662,101,520.333616
2.134741,101,520.939574
1.958886,101,521.537702
2.743522,101,522.140801
1.684013,101,522.742649
3.185949,101,523.342656
2.449494,101,523.942686
-7.402391,7,523.985586
1.534129,101,524.586769
1.785816,101,525.185663
1.361979,101,525.796807
2.271257,101,526.401846
1.902544,101,527.025733
1.89849,101,527.623815
1.751767,101,528.219895
1.460485,101,528.81903
1.344453,101,529.420161
2.090107,101,530.018804
1.557645,101,530.615736
2.733254,101,531.210888
2.749446,101,531.805687
1.815866,101,532.399985
1.716664,101,533.0007
1.148581,101,533.595909
2.190368,101,534.199763
1.933256,101,534.794009
1.97666,101,535.389604
3.314063,101,535.985756
1.534841,101,536.58194
1.650364,101,537.176963
-6.611354,7,537.218967
2.935407,101,537.816147
-7.257709,6,537.851991
2.032955,101,538.446206
1.945579,101,539.046386
-17.281077,6,539.083048
2.425932,101,539.678851
2.077511,101,540.273962
1.898599,101,540.869761
3.482356,101,541.476026
2.563582,101,542.081169
2.376973,101,542.675866
2.624588,101,543.270906
2.816552,101,543.866927
2.341339,101,544.463904
2.28224,101,545.060941
0.930315,101,545.656885
2.532591,101,546.253056
-17.969621,4,546.27816
1.717738,101,546.872123
-8.023827,8,546.91973
3.439616,101,547.517533
1.513899,101,548.126274
2.048469,101,548.725192
2.946,101,549.323103
2.153854,101,549.920489
2.601394,101,550.519223
2.209933,101,551.114156
1.706586,101,551.734265
2.224596,101,552.336154
1.865512,101,552.933276
1.938291,101,553.542344
-7.50119,7,553.585142
3.410342,101,554.210465
1.674305,101,554.811174
1.676927,101,555.430413
1.978523,101,556.043722
2.511144,101,556.651171
2.314959,101,557.253293
2.249626,101,557.848727
-16.855983,7,557.890207
1.797488,101,558.4986
2.233803,101,559.114916
1.705189,101,559.721214
2.799258,101,560.329345
2.194922,101,560.936416
2.424772,101,561.54378
1.498247,101,562.152401
3.013406,101,562.762376
1.96065,101,563.369321
1.883534,101,563.97758
-8.64204,3,563.995658
1.019138,101,564.602377
2.685674,101,565.209251
-17.86766,8,565.257454
-7.385935,8,565.306615
1.619498,101,565.909485
2.476444,101,566.515379
1.724413,101,567.114864
1.858367,101,567.721459
1.310362,101,568.323969
1.266463,101,568.934348
2.087707,101,569.529201
-7.319215,7,569.57175
3.04023,101,570.166693
1.64536,101,570.759328
1.170476,101,571.353907
1.331658,101,571.951432
2.050858,101,572.545482
1.387133,101,573.139724
2.099518,101,573.737391
1.077885,101,574.33915
1.990193,101,574.937157
2.016412,101,575.530625
1.982736,101,576.125542
-8.165083,5,576.155648
2.313138,101,576.750606
-7.567128,6,576.786579
2.08583,101,577.3837
2.294677,101,577.983627
2.504788,101,578.582683
2.383242,101,579.217237
2.367047,101,579.825135
1.483565,101,580.416996
2.905721,101,581.005459
-7.583556,5,581.035835
2.253546,101,581.622612
2.339572,101,582.210611
2.698447,101,582.795609
2.380975,101,583.382105
2.211777,101,583.969695
2.287323,101,584.557763
2.310699,101,585.142154
1.91728,101,585.727426
1.617983,101,586.317729
1.347279,101,586.909755
1.243414,101,587.502329
1.766456,101,588.092381
1.331659,101,588.682086
1.855657,101,589.267939
2.415168,101,589.854433
1.865626,101,590.439112
1.425245,101,591.026622
2.143225,101,591.613451
2.186144,101,592.203076
2.132979,101,592.789541
2.876564,101,593.373508
-7.322938,9,593.427395
-8.063388,4,593.450954
1.264718,101,594.036716
2.379512,101,594.622032
2.308368,101,595.20645
1.206885,101,595.789608
1.488374,101,596.374011
1.98067,101,596.958404
2.861762,101,597.542899
